Abathur,Abathur,Base,2014-03-13,"Free, when Hero Owned"
Abathur,Abathur,Bone,2014-03-13,"Free, when Hero Owned"
Abathur,Abathur,Char,2014-03-13,"Free, when Hero Owned"
Abathur,Abathur,Kaldir,2017-04-25,Normal
Abathur,Pajamathur,Base,2014-04-15,Normal
Abathur,Pajamathur,Planey,2014-04-15,Normal
Abathur,Pajamathur,Zergy,2014-04-15,Normal
Abathur,Pajamathur,Paramour,2019-02-12,Limited
Abathur,Skelethur Abathur,Ancient,2014-10-07,Seasonal
Abathur,Skelethur Abathur,Base,2014-10-07,Seasonal
Abathur,Skelethur Abathur,Toxic,2014-10-07,Seasonal
Abathur,Swarm Abathur,Base,2014-07-23,Normal
Abathur,Swarm Abathur,Crimson,2014-07-23,Normal
Abathur,Swarm Abathur,Pallid,2014-07-23,Normal
Abathur,Swarm Abathur,Feral,2017-08-08,Normal
Abathur,Xenotech Abathur,Base,2018-01-16,Normal
Abathur,Xenotech Abathur,Saboteur,2018-01-16,Normal
Abathur,Xenotech Abathur,Sinister,2018-01-16,Normal
Abathur,Xenotech Abathur,Galactic,2019-06-18,Limited
Alarak,Alarak,Base,2016-09-13,"Free, when Hero Owned"
Alarak,Alarak,Crimson,2016-09-13,"Free, when Hero Owned"
Alarak,Alarak,Ivory,2016-09-13,"Free, when Hero Owned"
Alarak,Alarak,Regal,2017-04-25,Normal
Alarak,Dark Nexus Alarak,Base,2018-05-01,Normal
Alarak,Dark Nexus Alarak,Forgotten,2018-05-01,Normal
Alarak,Dark Nexus Alarak,Shattered,2018-05-01,Normal
Alarak,Dark Nexus Alarak,Astral,2020-04-14,Seasonal
Alarak,Dark Nexus Alarak,Awakened,2020-04-14,Seasonal
Alarak,Herald of N'Zoth Alarak,Base,2016-09-13,Normal
Alarak,Herald of N'Zoth Alarak,Bone,2016-09-13,Normal
Alarak,Herald of N'Zoth Alarak,Twilight,2016-09-13,Normal
Alarak,Herald of N'Zoth Alarak,Deep,2017-04-25,Normal
Alarak,Highlord Alarak,Base,2016-09-13,Normal
Alarak,Highlord Alarak,Emerald,2016-09-13,Normal
Alarak,Highlord Alarak,Golden,2016-09-13,Normal
Alarak,Highlord Alarak,Amethyst,2017-09-05,Normal
Alexstrasza,Alexstrasza,Ascendant,2017-11-14,Normal
Alexstrasza,Alexstrasza,Base,2017-11-14,"Free, when Hero Owned"
Alexstrasza,Alexstrasza,Jade,2017-11-14,Normal
Alexstrasza,Alexstrasza,Saronite,2017-11-14,"Free, when Hero Owned"
Alexstrasza,Alexstrasza,Snowfall,2017-11-14,"Free, when Hero Owned"
Alexstrasza,Dark Queen Alexstrasza,Base,2017-11-14,Normal
Alexstrasza,Dark Queen Alexstrasza,Divine,2017-11-14,Normal
Alexstrasza,Dark Queen Alexstrasza,Ice,2017-11-14,Normal
Alexstrasza,Dark Queen Alexstrasza,Iridescent,2017-11-14,Normal
Alexstrasza,Dark Queen Alexstrasza,Molten,2017-11-14,Normal
Alexstrasza,Dragon Aspect Alexstrasza,Base,2017-11-14,Normal
Alexstrasza,Dragon Aspect Alexstrasza,Death,2017-11-14,Normal
Alexstrasza,Dragon Aspect Alexstrasza,Kaldorei,2017-11-14,Normal
Alexstrasza,Dragon Aspect Alexstrasza,Timeless,2017-11-14,Normal
Alexstrasza,Dragon Aspect Alexstrasza,Wild,2017-11-14,Normal
Alexstrasza,Spectral Wyrm Alexstrasza,Base,2018-09-25,Seasonal
Alexstrasza,Spectral Wyrm Alexstrasza,Infernal,2018-09-25,Seasonal
Alexstrasza,Spectral Wyrm Alexstrasza,Phantom,2018-09-25,Seasonal
Ana,Ana,Base,2017-09-26,"Free, when Hero Owned"
Ana,Ana,Burnished,2017-09-26,"Free, when Hero Owned"
Ana,Ana,Medic,2017-09-26,Normal
Ana,Ana,Midnight,2017-09-26,"Free, when Hero Owned"
Ana,Ana,Sunset,2017-09-26,Normal
Ana,Ana,Twilight,2017-09-26,Normal
Ana,Shrike,Agent,2017-09-26,Normal
Ana,Shrike,Aquamarine,2017-09-26,Normal
Ana,Shrike,Base,2017-09-26,Normal
Ana,Shrike,Rescue,2017-09-26,Normal
Ana,Shrike,Stealth,2017-09-26,Normal
Ana,Sidewinder Ana,Arctic,2018-08-07,Normal
Ana,Sidewinder Ana,Badlands,2018-08-07,Normal
Ana,Sidewinder Ana,Base,2018-08-07,Normal
Ana,Sidewinder Ana,Cryo,2018-08-07,Normal
Ana,Sidewinder Ana,Noxious,2018-08-07,Normal
Anduin,Anduin,Base,2019-04-30,"Free, when Hero Owned"
Anduin,Anduin,Darkshire,2019-04-30,"Free, when Hero Owned"
Anduin,Anduin,Elwynn,2019-04-30,Normal
Anduin,Anduin,Redridge,2019-04-30,"Free, when Hero Owned"
Anduin,Anduin,Westfall,2019-04-30,Normal
Anduin,Emperor of the Dominion Anduin,Base,2020-09-08,Seasonal
Anduin,Emperor of the Dominion Anduin,Glorious,2020-09-08,Seasonal
Anduin,Emperor of the Dominion Anduin,Studious,2020-09-08,Seasonal
Anduin,Neo-President Anduin,Base,2019-04-30,Normal
Anduin,Neo-President Anduin,Steel,2019-04-30,Normal
Anduin,Neo-President Anduin,Vigilante,2019-04-30,Normal
Anub'arak,Anub'alisk,Base,2017-08-08,Normal
Anub'arak,Anub'alisk,Enraged,2017-08-08,Normal
Anub'arak,Anub'alisk,Kaldir,2017-08-08,Normal
Anub'arak,Anub'alisk,Omega,2017-08-08,Normal
Anub'arak,Anub'alisk,Venomous,2017-08-08,Normal
Anub'arak,Anub'arak,Base,2014-10-07,"Free, when Hero Owned"
Anub'arak,Anub'arak,Desert,2014-10-07,"Free, when Hero Owned"
Anub'arak,Anub'arak,Frozen,2014-10-07,"Free, when Hero Owned"
Anub'arak,Cyb'arak,Base,2014-10-07,Normal
Anub'arak,Cyb'arak,Cobalt,2014-10-07,Normal
Anub'arak,Cyb'arak,Crimson,2014-10-07,Normal
Anub'arak,Cyb'arak,Neon,2017-04-25,Normal
Anub'arak,Cyber Oni Anub'arak,Base,2019-03-26,Seasonal
Anub'arak,Love Bug Anub'arak,Base,2015-02-10,Normal
Anub'arak,Love Bug Anub'arak,Hearty,2015-02-10,Normal
Anub'arak,Love Bug Anub'arak,Iridescent,2015-02-10,Normal
Anub'arak,Underking Anub'arak,Base,2014-10-07,Normal
Anub'arak,Underking Anub'arak,Northrend,2014-10-07,Normal
Anub'arak,Underking Anub'arak,Silithus,2014-10-07,Normal
Anub'arak,Underking Anub'arak,Deatholme,2017-09-26,Normal
Artanis,Artanis,Base,2015-10-20,"Free, when Hero Owned"
Artanis,Artanis,Onyx,2015-10-20,"Free, when Hero Owned"
Artanis,Artanis,Vermillion,2015-10-20,"Free, when Hero Owned"
Artanis,Artanis,Zer'atai,2018-03-01,Normal
Artanis,Daelaam Artanis,Azure,2017-04-25,Normal
Artanis,Daelaam Artanis,Base,2017-04-25,Normal
Artanis,Daelaam Artanis,Scarlet,2017-04-25,Normal
Artanis,Draenei Executor Artanis,Base,2020-09-08,Seasonal
Artanis,Draenei Executor Artanis,Darksteel,2020-09-08,Seasonal
Artanis,Draenei Executor Artanis,Royal,2020-09-08,Seasonal
Artanis,Hierarch Artanis,Base,2015-10-20,Normal
Artanis,Hierarch Artanis,Jade,2015-10-20,Normal
Artanis,Hierarch Artanis,Violet,2015-10-20,Normal
Artanis,Purifier Artanis,Base,2015-10-27,Normal
Artanis,Purifier Artanis,Crimson,2015-10-27,Normal
Artanis,Purifier Artanis,Test Model,2015-10-27,Normal
Artanis,Shogun Artanis,Base,2016-03-29,Normal
Artanis,Shogun Artanis,Shadow,2016-03-29,Normal
Artanis,Shogun Artanis,Vengeful,2016-03-29,Normal
Artanis,Shogun Artanis,Twilight,2017-04-25,Normal
Arthas,Arthas,Base,2014-03-13,"Free, when Hero Owned"
Arthas,Arthas,Saronite,2014-03-13,"Free, when Hero Owned"
Arthas,Arthas,Tundra,2014-03-13,"Free, when Hero Owned"
Arthas,Arthas,Tarnished,2017-04-25,Normal
Arthas,Crimson Count Arthas,Base,2014-03-13,Seasonal
Arthas,Crimson Count Arthas,Shadow,2014-03-13,Seasonal
Arthas,Crimson Count Arthas,Toxic,2014-03-13,Seasonal
Arthas,Crimson Count Arthas,Consecrated,2017-10-17,Seasonal
Arthas,Crown Prince Arthas,Base,2014-03-13,Normal
Arthas,Crown Prince Arthas,Dalaran,2014-03-13,Normal
Arthas,Crown Prince Arthas,Kul Tiras,2014-03-13,Normal
Arthas,Crown Prince Arthas,Stromgarde,2018-07-10,Normal
Arthas,Death God Arthas,Base,2014-07-23,Normal
Arthas,Death God Arthas,Beryl,2014-07-23,Normal
Arthas,Death God Arthas,Sanguine,2014-07-23,Normal
Arthas,Frost Wyrm Arthas,Base,2014-08-12,Normal
Arthas,Frost Wyrm Arthas,Flesh,2014-08-12,Normal
Arthas,Frost Wyrm Arthas,Unholy,2014-08-12,Normal
Arthas,Frost Wyrm Arthas,Ruby,2018-07-10,Normal
Arthas,King of Blades Arthas,Base,2020-09-08,Seasonal
Arthas,King of Blades Arthas,Lavawrought,2020-09-08,Seasonal
Arthas,King of Blades Arthas,Venomous,2020-09-08,Seasonal
Arthas,Mystic Kingdoms Arthas,Base,2016-07-19,Normal
Arthas,Mystic Kingdoms Arthas,Frozen,2016-07-19,Normal
Arthas,Mystic Kingdoms Arthas,Shadow,2016-07-19,Normal
Arthas,Mystic Kingdoms Arthas,Brown,2018-02-06,Normal
Auriel,Archangel Auriel,Base,2016-08-09,Normal
Auriel,Archangel Auriel,Scarlet,2016-08-09,Normal
Auriel,Archangel Auriel,Twilight,2016-08-09,Normal
Auriel,Auriel,Base,2016-08-09,"Free, when Hero Owned"
Auriel,Auriel,Courageous,2016-08-09,"Free, when Hero Owned"
Auriel,Auriel,Dusk,2016-08-09,"Free, when Hero Owned"
Auriel,Auriel,Dark,2017-04-25,Normal
Auriel,Demonic Auriel,Ancient,2016-08-09,Normal
Auriel,Demonic Auriel,Base,2016-08-09,Normal
Auriel,Demonic Auriel,Toxic,2016-08-09,Normal
Auriel,Demonic Auriel,Shadow,2017-07-11,Normal
Auriel,Sakura Auriel,Base,2017-04-25,Normal
Auriel,Sakura Auriel,Scarlet,2017-04-25,Normal
Auriel,Sakura Auriel,Shiroi,2017-04-25,Normal
Auriel,Sakura Auriel,Spring,2017-04-25,Normal
Auriel,Sakura Auriel,Kuroi,2017-09-26,Normal
Auriel,Sakura Auriel,Azure,2019-03-26,Seasonal
Auriel,Spirit Healer Auriel,Base,2018-06-19,Normal
Auriel,Spirit Healer Auriel,Ethereal,2018-06-19,Normal
Auriel,Spirit Healer Auriel,Vengeful,2018-06-19,Normal
Auriel,Spirit Healer Auriel,Hopeful,2020-06-23,Limited
Azmodan,AzGul'dan,Base,2014-10-07,Normal
Azmodan,AzGul'dan,Chaos,2014-10-07,Normal
Azmodan,AzGul'dan,Pallid,2014-10-07,Normal
Azmodan,Azmodan,Base,2014-10-07,"Free, when Hero Owned"
Azmodan,Azmodan,Souleater,2014-10-07,"Free, when Hero Owned"
Azmodan,Azmodan,Toxic,2014-10-07,"Free, when Hero Owned"
Azmodan,Azmodan,Avarice,2017-04-25,Normal
Azmodan,Azmodan,Infested,2018-03-27,Normal
Azmodan,Azmodunk,Base,2016-04-12,Normal
Azmodan,Azmodunk,Showtime,2016-04-12,Normal
Azmodan,Azmodunk,Real Dream,2016-04-19,Normal
Azmodan,Azmodunk,Lucky,2017-09-26,Normal
Azmodan,Azmodunk,Three-peat,2017-11-14,Normal
Azmodan,Azmodunk,Competitive,2018-03-06,Normal
Azmodan,Azmodunk,Champion,2018-07-10,Normal
Azmodan,Dominus Vile Azmodan,Base,2018-07-10,Normal
Azmodan,Dominus Vile Azmodan,Hazardus,2018-07-10,Normal
Azmodan,Dominus Vile Azmodan,Machinus,2018-07-10,Normal
Azmodan,Sinlord Azmodan,Abyssal,2014-10-07,Normal
Azmodan,Sinlord Azmodan,Base,2014-10-07,Normal
Azmodan,Sinlord Azmodan,Vile,2014-10-07,Normal
Azmodan,Sinlord Azmodan,Lunar,2018-02-06,Seasonal
Blaze,Blaze,Base,2018-01-09,"Free, when Hero Owned"
Blaze,Blaze,Dominion,2018-01-09,"Free, when Hero Owned"
Blaze,Blaze,Hazardous,2018-01-09,Normal
Blaze,Blaze,Smokin',2018-01-09,"Free, when Hero Owned"
Blaze,Blaze,Veteran,2018-01-09,Normal
Blaze,Fel Reaver Blaze,Abominable,2018-01-09,Normal
Blaze,Fel Reaver Blaze,Base,2018-01-09,Normal
Blaze,Fel Reaver Blaze,Coldfire,2018-01-09,Normal
Blaze,Fel Reaver Blaze,Infernal,2018-01-09,Normal
Blaze,Fel Reaver Blaze,Smoldering,2018-01-09,Normal
Blaze,Fel Reaver Blaze,Galvanic,2020-09-08,Seasonal
Blaze,Firestorm Blaze,Atomic,2019-02-12,Normal
Blaze,Firestorm Blaze,Base,2019-02-12,Normal
Blaze,Firestorm Blaze,Red Hot,2019-02-12,Normal
Brightwing,Bewitching Brightwing,Base,2017-10-17,Seasonal
Brightwing,Bewitching Brightwing,Crimson,2017-10-17,Seasonal
Brightwing,Bewitching Brightwing,Dusk,2017-10-17,Seasonal
Brightwing,Bewitching Brightwing,Spirited,2017-10-17,Seasonal
Brightwing,Bewitching Brightwing,Wild,2017-10-17,Seasonal
Brightwing,Bewitching Brightwing,Spectral,2018-09-25,Seasonal
Brightwing,Brightwing,Base,2014-04-15,"Free, when Hero Owned"
Brightwing,Brightwing,Darkwing,2014-04-15,"Free, when Hero Owned"
Brightwing,Brightwing,Tropical,2014-04-15,"Free, when Hero Owned"
Brightwing,Brightwing,Primal,2018-03-27,Normal
Brightwing,Destroyer Brightwing,Ancient,2019-12-03,Normal
Brightwing,Destroyer Brightwing,Base,2019-12-03,Normal
Brightwing,Destroyer Brightwing,Glorious,2019-12-03,Normal
Brightwing,Destroyer Brightwing,Savage,2019-12-03,Normal
Brightwing,Destroyer Brightwing,Tyrannical,2019-12-03,Normal
Brightwing,Fey Dragon Brightwing,Base,2014-09-10,Normal
Brightwing,Fey Dragon Brightwing,Onyx,2014-09-10,Normal
Brightwing,Fey Dragon Brightwing,Pink,2014-09-10,Normal
Brightwing,Flying Monkey Brightwing,Base,2015-01-13,Normal
Brightwing,Flying Monkey Brightwing,Elder,2015-01-13,Normal
Brightwing,Flying Monkey Brightwing,Violet,2015-01-13,Normal
Brightwing,Monarch Brightwing,Base,2014-04-15,Normal
Brightwing,Monarch Brightwing,Magenta,2014-04-15,Normal
Brightwing,Monarch Brightwing,Nether,2014-04-15,Normal
Brightwing,Monarch Brightwing,Emerald,2017-04-25,Normal
Cassia,Cassia,Base,2017-04-04,"Free, when Hero Owned"
Cassia,Cassia,Wild,2017-04-04,"Free, when Hero Owned"
Cassia,Cassia,Wondrous,2017-04-04,"Free, when Hero Owned"
Cassia,Cassia,Soaring,2018-03-24,Normal
Cassia,Lunar Cassia,Azure,2018-02-06,Seasonal
Cassia,Lunar Cassia,Base,2018-02-06,Seasonal
Cassia,Lunar Cassia,Honored,2018-02-06,Seasonal
Cassia,Lunar Cassia,Jade,2018-02-06,Seasonal
Cassia,Lunar Cassia,Midnight,2018-02-06,Seasonal
Cassia,Pirate Queen Cassia,Base,2017-04-04,Normal
Cassia,Pirate Queen Cassia,Bloodsail,2017-04-04,Normal
Cassia,Pirate Queen Cassia,Seafury,2017-04-04,Normal
Cassia,Pirate Queen Cassia,Velvet,2017-10-17,Normal
Cassia,Pirate Queen Cassia,Whirlpool,2017-10-17,Normal
Cassia,Thunder Goddess Cassia,Base,2020-05-05,Normal
Cassia,Thunder Goddess Cassia,Cursed,2020-05-05,Normal
Cassia,Thunder Goddess Cassia,Serene,2020-05-05,Normal
Cassia,Thunder Goddess Cassia,Vengeful,2020-05-05,Normal
Cassia,Thunder Goddess Cassia,Wild,2020-05-05,Normal
Cassia,Warmatron Cassia,Base,2017-04-04,Normal
Cassia,Warmatron Cassia,Caldeum,2017-04-04,Normal
Cassia,Warmatron Cassia,Deadwalker,2017-04-04,Normal
Cassia,Warmatron Cassia,Aranoch,2017-09-26,Normal
Cassia,Warmatron Cassia,Askari,2017-09-26,Normal
Chen,Brewmaster Chen,Amber,2017-04-25,Normal
Chen,Brewmaster Chen,Base,2017-04-25,Normal
Chen,Brewmaster Chen,Frosty,2017-04-25,Normal
Chen,Chen,Base,2014-09-10,"Free, when Hero Owned"
Chen,Chen,Crimson,2014-09-10,"Free, when Hero Owned"
Chen,Chen,Jade,2014-09-10,"Free, when Hero Owned"
Chen,Chen,Pristine,2018-08-07,Normal
Chen,Lunar Chen,Azure,2015-01-27,Seasonal
Chen,Lunar Chen,Base,2015-01-27,Seasonal
Chen,Wanderer Chen,Base,2014-10-07,Normal
Chen,Wanderer Chen,Durotar,2014-10-07,Normal
Chen,Wanderer Chen,Krasari,2014-10-07,Normal
Chen,Warmaster Chen,Base,2014-09-10,Normal
Chen,Warmaster Chen,Flame,2014-09-10,Normal
Chen,Warmaster Chen,Storm,2014-09-10,Normal
Cho,Cho'gall,Base,2015-11-17,"Free, when Hero Owned"
Cho,Cho'gall,Crusher,2015-11-17,"Free, when Hero Owned"
Cho,Cho'gall,Ogre-mage,2015-11-17,"Free, when Hero Owned"
Cho,Cho'gall,Highmaul,2017-11-14,Normal
Cho,Corruptor Cho'gall,Angelic,2015-11-17,Normal
Cho,Corruptor Cho'gall,Base,2015-11-17,Normal
Cho,Corruptor Cho'gall,Timelost,2015-11-17,Normal
Cho,Greed Cho'gall,Base,2020-07-15,Normal
Cho,Greed Cho'gall,Emerald,2020-07-15,Normal
Cho,Greed Cho'gall,Ruby,2020-07-15,Normal
Cho,Pump'kin Cho'gall,Base,2017-10-17,Seasonal
Cho,Pump'kin Cho'gall,Burning,2017-10-17,Seasonal
Cho,Pump'kin Cho'gall,Fel,2017-10-17,Seasonal
Cho,Pump'kin Cho'gall,Magic,2017-10-17,Seasonal
Cho,Pump'kin Cho'gall,Twilight,2017-10-17,Seasonal
Cho,Warlord Cho'gall,Base,2015-11-17,Normal
Cho,Warlord Cho'gall,Brutal,2015-11-17,Normal
Cho,Warlord Cho'gall,Mage,2015-11-17,Normal
Cho,Warlord Cho'gall,Fel,2017-11-14,Normal
Chromie,Chromie,Base,2016-05-17,"Free, when Hero Owned"
Chromie,Chromie,Emerald,2016-05-17,"Free, when Hero Owned"
Chromie,Chromie,Ruby,2016-05-17,"Free, when Hero Owned"
Chromie,Chromie,Obsidian,2018-08-07,Normal
Chromie,Creepie Chromie,Base,2017-10-17,Seasonal
Chromie,Creepie Chromie,Dottie,2017-10-17,Seasonal
Chromie,Creepie Chromie,Haunted,2017-10-17,Seasonal
Chromie,Creepie Chromie,Innocent,2017-10-17,Seasonal
Chromie,Creepie Chromie,Monster,2017-10-17,Seasonal
Chromie,Dream Genie Chromie,Base,2017-01-10,Normal
Chromie,Dream Genie Chromie,Scarlet,2017-01-10,Normal
Chromie,Dream Genie Chromie,Verdant,2017-11-14,Normal
Chromie,Fel Queen Chromie,Base,2016-05-17,Normal
Chromie,Fel Queen Chromie,Crimson,2016-05-17,Normal
Chromie,Fel Queen Chromie,Golden,2016-05-17,Normal
Chromie,Fel Queen Chromie,Violet,2017-11-14,Normal
Chromie,Techno Vandal Chromie,Amber,2019-03-26,Seasonal
Chromie,Techno Vandal Chromie,Base,2019-03-26,Seasonal
Chromie,Techno Vandal Chromie,Jade,2019-03-26,Seasonal
Chromie,Timewalker Chromie,Base,2016-05-17,Normal
Chromie,Timewalker Chromie,Iron,2016-05-17,Normal
Chromie,Timewalker Chromie,Lil-Ming,2016-05-17,Normal
Chromie,Timewalker Chromie,Leper,2017-07-11,Normal
D.Va,D.Va,Base,2017-05-16,"Free, when Hero Owned"
D.Va,D.Va,Fiery,2017-05-16,"Free, when Hero Owned"
D.Va,D.Va,Major,2017-05-16,"Free, when Hero Owned"
D.Va,D.Va,Camo,2017-09-18,Normal
D.Va,D.Va,X-Treme,2017-09-18,Normal
D.Va,D.Va,Shining,2020-09-08,Seasonal
D.Va,D.Va the Destroyer,Base,2017-10-03,Normal
D.Va,D.Va the Destroyer,Destroyerlisk,2017-10-03,Normal
D.Va,D.Va the Destroyer,Dreamer,2017-10-03,Normal
D.Va,D.Va the Destroyer,Life-Binder,2017-10-03,Normal
D.Va,D.Va the Destroyer,Spellweaver,2017-10-03,Normal
D.Va,Goliath D.Va,Base,2017-05-16,Normal
D.Va,Goliath D.Va,Hazard,2017-05-16,Normal
D.Va,Goliath D.Va,Sharkmouth,2017-05-16,Normal
D.Va,Goliath D.Va,Devil Dogs,2017-08-08,Normal
D.Va,Goliath D.Va,Spectre,2017-08-08,Normal
D.Va,Pro D.Va,Base,2017-05-16,Normal
D.Va,Pro D.Va,Competitive,2017-05-16,Normal
D.Va,Pro D.Va,Elite,2017-05-16,Normal
D.Va,Pro D.Va,Global,2017-09-26,Normal
D.Va,Pro D.Va,Perfect,2017-09-26,Normal
Deathwing,Dark Nexus Deathwing,Astral,2020-04-14,Seasonal
Deathwing,Dark Nexus Deathwing,Awakened,2020-04-14,Seasonal
Deathwing,Dark Nexus Deathwing,Base,2020-04-14,Seasonal
Deathwing,Dark Nexus Deathwing,Forgotten,2020-04-14,Seasonal
Deathwing,Dark Nexus Deathwing,Shattered,2020-04-14,Seasonal
Deathwing,Deathwing,Ancient,2019-12-03,"Free, when Hero Owned"
Deathwing,Deathwing,Base,2019-12-03,"Free, when Hero Owned"
Deathwing,Deathwing,Glorious,2019-12-03,Normal
Deathwing,Deathwing,Iron,2019-12-03,Normal
Deathwing,Deathwing,Savage,2019-12-03,"Free, when Hero Owned"
Deathwing,Deathwing,Tyrannical,2019-12-03,Normal
Deckard,Deckard,Afflicted,2018-04-24,Normal
Deckard,Deckard,Angelic,2018-04-24,Normal
Deckard,Deckard,Base,2018-04-24,"Free, when Hero Owned"
Deckard,Deckard,Ennead,2018-04-24,"Free, when Hero Owned"
Deckard,Deckard,Mystic,2018-04-24,"Free, when Hero Owned"
Deckard,Deckard Pain,Base,2019-02-12,Normal
Deckard,Deckard Pain,Desert Ops,2019-02-12,Normal
Deckard,Deckard Pain,Infiltrator,2019-02-12,Normal
Deckard,Deckard Pain,Green Army,2019-12-16,Seasonal
Deckard,Wastewalker Deckard,Base,2018-04-24,Normal
Deckard,Wastewalker Deckard,Diesel,2018-04-24,Normal
Deckard,Wastewalker Deckard,Scourged,2018-04-24,Normal
Dehaka,Dehaka,Base,2016-03-29,"Free, when Hero Owned"
Dehaka,Dehaka,Pallid,2016-03-29,"Free, when Hero Owned"
Dehaka,Dehaka,Toxic,2016-03-29,"Free, when Hero Owned"
Dehaka,Dehaka,Feral,2018-03-27,Normal
Dehaka,Dehakasaurus Rex,Base,2018-12-11,Seasonal
Dehaka,Dehakasaurus Rex,Dino-Metal,2018-12-11,Seasonal
Dehaka,Dehakasaurus Rex,Playtime,2018-12-11,Seasonal
Dehaka,Dehakasaurus Rex,Ferocious,2019-12-17,Seasonal
Dehaka,Dehakasaurus Rex,X-Treme,2019-12-17,Seasonal
Dehaka,Mecha Dehaka,Base,2016-03-29,Normal
Dehaka,Mecha Dehaka,Prototype,2016-03-29,Normal
Dehaka,Mecha Dehaka,Stealth,2016-03-29,Normal
Dehaka,Mecha Dehaka,Infiltrator,2017-04-25,Normal
Dehaka,Mecha Dehaka,D.Haka,2017-10-03,Normal
Dehaka,Mecha Dehaka,V.Haka,2018-01-16,Normal
Dehaka,Mecha Dehaka,Hunter,2019-06-18,Limited
Dehaka,Pack Leader Dehaka,Base,2016-03-29,Normal
Dehaka,Pack Leader Dehaka,Hunter,2016-03-29,Normal
Dehaka,Pack Leader Dehaka,Noxious,2016-03-29,Normal
Dehaka,Pack Leader Dehaka,Savage,2017-08-08,Normal
Diablo,Archangel Diablo,Base,2015-06-30,Normal
Diablo,Archangel Diablo,Toxic,2015-06-30,Normal
Diablo,Archangel Diablo,Twilight,2015-06-30,Normal
Diablo,Archangel Diablo,Skyborne,2017-07-11,Normal
Diablo,Archangel Diablo,Corrupted,2019-08-27,Limited
Diablo,Diablo,Base,2014-03-13,"Free, when Hero Owned"
Diablo,Diablo,Onyx,2014-03-13,"Free, when Hero Owned"
Diablo,Diablo,Visceral,2014-03-13,"Free, when Hero Owned"
Diablo,Diablo,Toxic,2017-04-25,Normal
Diablo,El Chamuco Diablo,Base,2018-05-22,Seasonal
Diablo,El Chamuco Diablo,Hell's Screamer,2018-05-22,Seasonal
Diablo,El Chamuco Diablo,Underworld,2018-05-22,Seasonal
Diablo,El Chamuco Diablo,Hulking,2020-06-23,Seasonal
Diablo,El Chamuco Diablo,Pink Singlet,2020-06-23,Seasonal
Diablo,Hell Iron Diablo,Base,2014-07-23,Normal
Diablo,Hell Iron Diablo,Fell,2014-07-23,Normal
Diablo,Hell Iron Diablo,Soul,2014-07-23,Normal
Diablo,Kaijo Diablo,Base,2014-03-13,Normal
Diablo,Kaijo Diablo,Crimson,2014-03-13,Normal
Diablo,Kaijo Diablo,Tyrant,2014-03-13,Normal
Diablo,Lurkablo,Base,2014-03-13,Normal
Diablo,Lurkablo,Cave Dweller,2014-03-13,Normal
Diablo,Lurkablo,Luminescent,2014-03-13,Normal
Diablo,Prime Evil Diablo,Base,2017-04-25,Normal
Diablo,Prime Evil Diablo,Nightmare,2017-04-25,Normal
Diablo,Prime Evil Diablo,Toxic,2017-04-25,Normal
Diablo,Prime Evil Diablo,Horrific,2017-07-11,Normal
Diablo,Prime Evil Diablo,Timeless,2017-07-11,Normal
E.T.C.,Black Metal E.T.C.,Base,2014-12-02,Normal
E.T.C.,Black Metal E.T.C.,Furious,2014-12-02,Normal
E.T.C.,Black Metal E.T.C.,Gold & Black,2014-12-02,Normal
E.T.C.,E.T.C.,Base,2014-03-13,"Free, when Hero Owned"
E.T.C.,E.T.C.,Dark,2014-03-13,"Free, when Hero Owned"
E.T.C.,E.T.C.,Fel,2014-03-13,Normal
E.T.C.,E.T.C.,Light,2014-03-13,"Free, when Hero Owned"
E.T.C.,El Mariachi E.T.C.,Base,2018-05-22,Seasonal
E.T.C.,El Mariachi E.T.C.,Cielo,2018-05-22,Seasonal
E.T.C.,El Mariachi E.T.C.,Festival,2018-05-22,Seasonal
E.T.C.,El Mariachi E.T.C.,Underworld,2018-05-22,Seasonal
E.T.C.,El Mariachi E.T.C.,Championship,2020-06-23,Seasonal
E.T.C.,Glam Metal E.T.C.,Azure,2014-03-13,Normal
E.T.C.,Glam Metal E.T.C.,Base,2014-03-13,Normal
E.T.C.,Glam Metal E.T.C.,Platinum,2014-03-13,Normal
E.T.C.,Glam Metal E.T.C.,Leopard,2017-04-25,Normal
E.T.C.,Glam Metal E.T.C.,New,2018-07-10,Normal
E.T.C.,L800 E.T.C.,Angelic,2017-08-08,Normal
E.T.C.,L800 E.T.C.,Base,2017-08-08,Normal
E.T.C.,L800 E.T.C.,Doombringer,2017-08-08,Normal
E.T.C.,L800 E.T.C.,Horde,2017-08-08,Normal
E.T.C.,L800 E.T.C.,Shock,2017-08-08,Normal
E.T.C.,L800 E.T.C.,Spectre,2017-08-08,Normal
E.T.C.,Pure Country E.T.C.,Base,2014-03-13,Normal
E.T.C.,Pure Country E.T.C.,Checked,2014-03-13,Normal
E.T.C.,Pure Country E.T.C.,Striped,2014-03-13,Normal
Falstad,Buccaneer Falstad,Base,2015-10-27,Normal
Falstad,Buccaneer Falstad,Salty,2015-10-27,Normal
Falstad,Buccaneer Falstad,Seafoam,2015-10-27,Normal
Falstad,Buccaneer Falstad,Midnight,2018-06-12,Normal
Falstad,Buccaneer Falstad,Spectral,2019-05-21,Limited
Falstad,Falstad,Base,2014-03-13,"Free, when Hero Owned"
Falstad,Falstad,Dark Iron,2014-03-13,"Free, when Hero Owned"
Falstad,Falstad,Frostborn,2014-03-13,"Free, when Hero Owned"
Falstad,Falstad,Ironforge,2018-06-12,Normal
Falstad,Gryphon Master Falstad,Base,2014-07-23,Normal
Falstad,Gryphon Master Falstad,Crimson,2014-07-23,Normal
Falstad,Gryphon Master Falstad,Skyborne,2014-07-23,Normal
Falstad,Storm Lord Falstad,Base,2014-05-22,Normal
Falstad,Storm Lord Falstad,Dark,2014-05-22,Normal
Falstad,Storm Lord Falstad,Frost,2014-05-22,Normal
Fenix,Dark Nexus Fenix,Astral,2020-04-14,Seasonal
Fenix,Dark Nexus Fenix,Awakened,2020-04-14,Seasonal
Fenix,Dark Nexus Fenix,Base,2020-04-14,Seasonal
Fenix,Dark Nexus Fenix,Eldritch,2020-04-14,Seasonal
Fenix,Dark Nexus Fenix,Imperial,2020-04-14,Seasonal
Fenix,Fenix,Base,2018-03-27,"Free, when Hero Owned"
Fenix,Fenix,Experimental,2018-03-27,Normal
Fenix,Fenix,Nerazim,2018-03-27,"Free, when Hero Owned"
Fenix,Fenix,Rusted,2018-03-27,Normal
Fenix,Fenix,Twilight,2018-03-27,"Free, when Hero Owned"
Fenix,Ruinwalker Fenix,Base,2018-03-27,Normal
Fenix,Ruinwalker Fenix,Colossal,2018-03-27,Normal
Fenix,Ruinwalker Fenix,Withered,2018-03-27,Normal
Fenix,Ruinwalker Fenix,Arcane,2019-04-30,Normal
Fenix,Ruinwalker Fenix,Crystalline,2019-04-30,Normal
Garrosh,El Jefe Garrosh,Base,2018-05-22,Seasonal
Garrosh,El Jefe Garrosh,Fuego,2018-05-22,Seasonal
Garrosh,El Jefe Garrosh,Underworld,2018-05-22,Seasonal
Garrosh,El Jefe Garrosh,Amarillo,2020-06-23,Seasonal
Garrosh,El Jefe Garrosh,Festejo,2020-06-23,Seasonal
Garrosh,Garrosh,Base,2017-08-08,"Free, when Hero Owned"
Garrosh,Garrosh,Blackrock,2017-08-08,Normal
Garrosh,Garrosh,Glorious,2017-08-08,"Free, when Hero Owned"
Garrosh,Garrosh,Shattered Hand,2017-08-08,"Free, when Hero Owned"
Garrosh,High Warlord Garrosh,Base,2018-06-19,Normal
Garrosh,High Warlord Garrosh,Chaos,2018-06-19,Normal
Garrosh,High Warlord Garrosh,Frostwolf,2018-06-19,Normal
Garrosh,Mad Axe Garrosh,Base,2017-08-08,Normal
Garrosh,Mad Axe Garrosh,Biohazard,2017-08-08,Normal
Garrosh,Mad Axe Garrosh,Frozen,2017-08-08,Normal
Garrosh,Mad Axe Garrosh,Horde,2017-08-08,Normal
Garrosh,Mad Axe Garrosh,Mutant,2017-08-08,Normal
Gazlowe,Big Top Gazlowe,Azure,2014-08-12,Normal
Gazlowe,Big Top Gazlowe,Base,2014-08-12,Normal
Gazlowe,Big Top Gazlowe,Clown,2014-08-12,Normal
Gazlowe,Chief Engineer Gazlowe,Base,2014-10-07,Normal
Gazlowe,Chief Engineer Gazlowe,Fel Iron,2014-10-07,Normal
Gazlowe,Chief Engineer Gazlowe,Obsidian,2014-10-07,Normal
Gazlowe,Gazlowe,Base,2014-03-13,"Free, when Hero Owned"
Gazlowe,Gazlowe,Sewage,2014-03-13,"Free, when Hero Owned"
Gazlowe,Gazlowe,Sludge,2014-03-13,"Free, when Hero Owned"
Gazlowe,Gazlowe,Grease,2017-04-25,Normal
Gazlowe,Mad Martian Gazlowe,Base,2015-05-19,Normal
Gazlowe,Mad Martian Gazlowe,Silver,2015-05-19,Normal
Gazlowe,Mad Martian Gazlowe,Tangerine,2015-05-19,Normal
Gazlowe,Mineral Harvester Gazlowe,Base,2020-09-08,Seasonal
Gazlowe,Mineral Harvester Gazlowe,Firebat,2020-09-08,Seasonal
Gazlowe,Mineral Harvester Gazlowe,Rich,2020-09-08,Seasonal
Gazlowe,Paper Bag Gazlowe,Bolts,2017-10-17,Seasonal
Gazlowe,Paper Bag Gazlowe,Deep,2017-10-17,Seasonal
Gazlowe,Paper Bag Gazlowe,Waste,2017-10-17,Seasonal
Genji,Deathfang Genji,Arctic,2018-08-07,Normal
Genji,Deathfang Genji,Base,2018-08-07,Normal
Genji,Deathfang Genji,Noxious,2018-08-07,Normal
Genji,Deathfang Genji,Badlands,2019-02-12,Normal
Genji,Deathfang Genji,Cryo,2019-02-12,Normal
Genji,Genji,Base,2017-04-25,"Free, when Hero Owned"
Genji,Genji,Carbon Fiber,2017-04-25,"Free, when Hero Owned"
Genji,Genji,Fire,2017-04-25,"Free, when Hero Owned"
Genji,Genji,Golden,2017-04-25,Normal
Genji,Genji,Nihon,2017-12-12,Normal
Genji,Genji,Lunar,2018-02-06,Seasonal
Genji,Genji,Chromatic,2019-08-27,Limited
Genji,Oni Genji,Base,2017-04-25,Normal
Genji,Oni Genji,Moss,2017-04-25,Normal
Genji,Oni Genji,Shadow,2017-04-25,Normal
Genji,Oni Genji,Vengeful,2017-04-25,Normal
Genji,Oni Genji,Snow,2017-12-12,Normal
Genji,Steel Dragon Genji,Base,2017-04-25,Normal
Genji,Steel Dragon Genji,Master,2017-04-25,Normal
Genji,Steel Dragon Genji,Neon,2017-04-25,Normal
Genji,Steel Dragon Genji,First,2017-10-17,Normal
Genji,Steel Dragon Genji,Iron,2017-10-17,Normal
Greymane,Doctor Wolf & Stein,Base,2017-10-17,Seasonal
Greymane,Doctor Wolf & Stein,Hazardous,2017-10-17,Seasonal
Greymane,Doctor Wolf & Stein,Inferno,2017-10-17,Seasonal
Greymane,Doctor Wolf & Stein,Mysterious,2017-10-17,Seasonal
Greymane,Doctor Wolf & Stein,StormPunk,2017-10-17,Seasonal
Greymane,Greymane,Base,2016-01-12,"Free, when Hero Owned"
Greymane,Greymane,Dignified,2016-01-12,"Free, when Hero Owned"
Greymane,Greymane,Feral,2016-01-12,"Free, when Hero Owned"
Greymane,Greymane,Seafarer,2018-06-12,Normal
Greymane,Hunter Greymane,Base,2016-01-12,Normal
Greymane,Hunter Greymane,Cursed,2016-01-12,Normal
Greymane,Hunter Greymane,Mist,2016-01-12,Normal
Greymane,Hunter Greymane,Blackwald,2017-11-14,Normal
Greymane,Ringmaster Greymane,Base,2016-01-12,Normal
Greymane,Ringmaster Greymane,Fancy,2016-01-12,Normal
Greymane,Ringmaster Greymane,Uncle,2016-01-12,Normal
Greymane,Ringmaster Greymane,Darkmoon,2017-04-25,Normal
Greymane,Watchdog Greymane,Arctic,2018-03-06,Normal
Greymane,Watchdog Greymane,Base,2018-03-06,Normal
Greymane,Watchdog Greymane,Desert,2018-03-06,Normal
Greymane,Watchdog Greymane,Russet ,2020-10-07,Normal
Gul'dan,Balespider Gul'dan,Base,2016-07-12,Normal
Gul'dan,Balespider Gul'dan,Nerubian,2016-07-12,Normal
Gul'dan,Balespider Gul'dan,Toxic,2016-07-12,Normal
Gul'dan,Balespider Gul'dan,Heroic,2017-04-25,Normal
Gul'dan,Dark Nexus Gul'dan,Base,2018-05-01,Normal
Gul'dan,Dark Nexus Gul'dan,Cataclysmic,2018-05-01,Normal
Gul'dan,Dark Nexus Gul'dan,Eldritch,2018-05-01,Normal
Gul'dan,Dark Nexus Gul'dan,Entropic,2020-04-14,Seasonal
Gul'dan,Dark Nexus Gul'dan,Sadistic,2020-04-14,Seasonal
Gul'dan,Gul'dan,Base,2016-07-12,"Free, when Hero Owned"
Gul'dan,Gul'dan,First War,2016-07-12,"Free, when Hero Owned"
Gul'dan,Gul'dan,Legion,2016-07-12,"Free, when Hero Owned"
Gul'dan,Gul'dan,Brooding,2018-03-27,Normal
Gul'dan,Gul'dan,Shadowmoon,2018-07-10,Normal
Gul'dan,Shadow Council Gul'dan,Base,2016-07-12,Normal
Gul'dan,Shadow Council Gul'dan,Chaos,2016-07-12,Normal
Gul'dan,Shadow Council Gul'dan,Mag'har,2016-07-12,Normal
Gul'dan,Shadow Council Gul'dan,Wretched,2017-09-05,Normal
Hanzo,Delta Hanzo,Base,2019-02-12,Normal
Hanzo,Delta Hanzo,Blackout,2019-02-12,Normal
Hanzo,Delta Hanzo,Veteran,2019-02-12,Normal
Hanzo,Farstrider Hanzo,Base,2017-12-12,Normal
Hanzo,Farstrider Hanzo,Holy,2017-12-12,Normal
Hanzo,Farstrider Hanzo,Icebound,2017-12-12,Normal
Hanzo,Farstrider Hanzo,Iron,2017-12-12,Normal
Hanzo,Farstrider Hanzo,Scarlet,2017-12-12,Normal
Hanzo,Hanzo,Base,2017-12-12,"Free, when Hero Owned"
Hanzo,Hanzo,Demon,2017-12-12,Normal
Hanzo,Hanzo,Dragon,2017-12-12,"Free, when Hero Owned"
Hanzo,Hanzo,Kinoko,2017-12-12,Normal
Hanzo,Hanzo,Sora,2017-12-12,"Free, when Hero Owned"
Hanzo,Hanzo,Spectral Demon,2019-10-29,Limited
Hogger,Hogger,Base,2020-12-01,"Free, when Hero Owned"
Hogger,Hogger,Duskwood,2020-12-01,Normal
Hogger,Hogger,Elwynn,2020-12-01,"Free, when Hero Owned"
Hogger,Hogger,Redridge,2020-12-01,Normal
Hogger,Hogger,Stormwind,2020-12-01,Normal
Hogger,Hogger,Westfall,2020-12-01,"Free, when Hero Owned"
Hogger,Shipwrecker,Admiral,2020-12-01,Normal
Hogger,Shipwrecker,Base,2020-12-01,Normal
Hogger,Shipwrecker,Drowned,2020-12-01,Normal
Hogger,Shipwrecker,Stately,2020-12-01,Normal
Illidan,Betrayer Illidan,Base,2017-04-25,Normal
Illidan,Betrayer Illidan,Fel,2017-04-25,Normal
Illidan,Eredar Armor Illidan,Base,2014-07-23,Normal
Illidan,Eredar Armor Illidan,Crimson,2014-07-23,Normal
Illidan,Eredar Armor Illidan,Wretched,2014-07-23,Normal
Illidan,Illidan,Base,2014-03-13,"Free, when Hero Owned"
Illidan,Illidan,Crimson,2014-03-13,"Free, when Hero Owned"
Illidan,Illidan,Void,2014-03-13,"Free, when Hero Owned"
Illidan,Illidan,Felblood,2017-04-25,Normal
Illidan,Lunar Illidan,Base,2016-02-02,Seasonal
Illidan,Lunar Illidan,Fire,2016-02-02,Seasonal
Illidan,Lunar Illidan,Heavenly,2016-02-02,Seasonal
Illidan,Lunar Illidan,Dragon,2018-02-06,Seasonal
Illidan,Shan'do Illidan,Base,2014-03-13,Normal
Illidan,Shan'do Illidan,Nightmare,2014-03-13,Normal
Illidan,Shan'do Illidan,Northrend,2014-03-13,Normal
Illidan,Shan'do Illidan,Vordrassil,2017-07-11,Normal
Illidan,Spectre Illidan,Base,2014-03-13,Normal
Illidan,Spectre Illidan,Ghost,2014-03-13,Normal
Illidan,Spectre Illidan,Neon,2014-03-13,Normal
Illidan,Spectre Illidan,Night,2017-04-25,Normal
Illidan,Spectre Illidan,Scorch,2020-09-08,Seasonal
Imperius,Demonic Imperius,Abyssal,2019-01-08,Normal
Imperius,Demonic Imperius,Base,2019-01-08,Normal
Imperius,Demonic Imperius,Vile,2019-01-08,Normal
Imperius,El Bandido Imperius,Base,2020-06-23,Seasonal
Imperius,El Bandido Imperius,Fuego,2020-06-23,Seasonal
Imperius,El Bandido Imperius,Sinister,2020-06-23,Seasonal
Imperius,El Bandido Imperius,Vigilante,2020-06-23,Seasonal
Imperius,Imperius,Base,2019-01-08,"Free, when Hero Owned"
Imperius,Imperius,Indomitable,2019-01-08,Normal
Imperius,Imperius,Knight-Captain,2019-01-08,"Free, when Hero Owned"
Imperius,Imperius,Skyborne,2019-01-08,"Free, when Hero Owned"
Imperius,Imperius,Vindicator,2019-01-08,Normal
Jaina,Arcanist Jaina,Base,2014-12-02,Normal
Jaina,Arcanist Jaina,Midnight,2014-12-02,Normal
Jaina,Arcanist Jaina,Scarlet,2014-12-02,Normal
Jaina,Dreadlord Jaina,Abyssal,2017-09-05,Normal
Jaina,Dreadlord Jaina,Base,2017-09-05,Normal
Jaina,Dreadlord Jaina,Blighted,2017-09-05,Normal
Jaina,Dreadlord Jaina,Saronite,2017-09-05,Normal
Jaina,Dreadlord Jaina,Unholy,2017-09-05,Normal
Jaina,Jaina,Azure,2014-12-02,"Free, when Hero Owned"
Jaina,Jaina,Base,2014-12-02,"Free, when Hero Owned"
Jaina,Jaina,Verdant,2014-12-02,"Free, when Hero Owned"
Jaina,Jaina,Saffron,2017-04-25,Normal
Jaina,Lunar Jaina,Base,2016-02-02,Seasonal
Jaina,Lunar Jaina,Eclipse,2016-02-02,Seasonal
Jaina,Lunar Jaina,Photon,2016-02-02,Seasonal
Jaina,Lunar Jaina,Jade,2018-02-06,Seasonal
Jaina,Tempest Regalia Jaina,Base,2015-03-03,Normal
Jaina,Tempest Regalia Jaina,Maroon,2015-03-03,Normal
Jaina,Tempest Regalia Jaina,Nightborne,2015-03-03,Normal
Jaina,Theramore Jaina,Base,2017-09-05,Normal
Jaina,Theramore Jaina,Citrine,2017-09-05,Normal
Jaina,Theramore Jaina,Emerald,2017-09-05,Normal
Jaina,Theramore Jaina,Midnight,2017-09-05,Normal
Jaina,Theramore Jaina,Ruby,2017-09-05,Normal
Jaina,Theramore Jaina,Sorceress,2017-09-05,Normal
Jaina,Winter Veil Jaina,Aurora,2014-12-02,Seasonal
Jaina,Winter Veil Jaina,Base,2014-12-02,Seasonal
Jaina,Winter Veil Jaina,Noir,2014-12-02,Seasonal
Johanna,Centurion Johanna,Amaranth,2015-06-02,Normal
Johanna,Centurion Johanna,Base,2015-06-02,Normal
Johanna,Centurion Johanna,Royal,2015-06-02,Normal
Johanna,Enforcer Johanna,Arctic,2018-03-06,Normal
Johanna,Enforcer Johanna,Base,2018-03-06,Normal
Johanna,Enforcer Johanna,Vigilante,2018-03-06,Normal
Johanna,Enforcer Johanna,Bionic ,2020-10-07,Normal
Johanna,Johanna,Base,2015-06-02,"Free, when Hero Owned"
Johanna,Johanna,Ivory,2015-06-02,"Free, when Hero Owned"
Johanna,Johanna,Onyx,2015-06-02,"Free, when Hero Owned"
Johanna,Johanna,Scarlet,2017-04-25,Normal
Johanna,Johanna,Shakuras,2018-03-27,Normal
Johanna,Nephalem Johanna,Base,2018-04-24,Normal
Johanna,Sacred Oath Johanna,Azure,2015-06-02,Normal
Johanna,Sacred Oath Johanna,Base,2015-06-02,Normal
Johanna,Sacred Oath Johanna,Crimson,2015-06-02,Normal
Johanna,Spellbreaker Johanna,Base,2016-08-23,Normal
Johanna,Spellbreaker Johanna,Iron,2016-08-23,Normal
Johanna,Spellbreaker Johanna,Kaldorei,2016-08-23,Normal
Johanna,Spellbreaker Johanna,Holy,2017-07-11,Normal
Johanna,Warsong Johanna,Base,2018-06-19,Normal
Johanna,Warsong Johanna,Frostwolf,2018-06-19,Normal
Johanna,Warsong Johanna,Mag'har,2018-06-19,Normal
Junkrat,Fallen Junkrat,Base,2017-10-17,Normal
Junkrat,Fallen Junkrat,Devilish,2017-10-17,Normal
Junkrat,Fallen Junkrat,Hellish,2017-10-17,Normal
Junkrat,Fallen Junkrat,Orcish,2017-10-17,Normal
Junkrat,Fallen Junkrat,Warped,2017-10-17,Normal
Junkrat,Junkrat,Base,2017-10-17,"Free, when Hero Owned"
Junkrat,Junkrat,Clowning,2017-10-17,Normal
Junkrat,Junkrat,Convict,2017-10-17,"Free, when Hero Owned"
Junkrat,Junkrat,Drowned,2017-10-17,Normal
Junkrat,Junkrat,Rusted,2017-10-17,"Free, when Hero Owned"
Junkrat,Sapper Junkrat,Base,2018-06-19,Normal
Junkrat,Sapper Junkrat,Darkspear,2018-06-19,Normal
Junkrat,Sapper Junkrat,Kezan,2018-06-19,Normal
Junkrat,Wiseguy Junkrat,Base,2019-09-24,Seasonal
Junkrat,Wiseguy Junkrat,Henchman,2019-09-24,Seasonal
Junkrat,Wiseguy Junkrat,High Roller,2019-09-24,Seasonal
Junkrat,Wiseguy Junkrat,Prankster,2019-09-24,Seasonal
Junkrat,Wiseguy Junkrat,Slick,2019-09-24,Seasonal
Kael'thas,Cyberhawk Kael'thas,Base,2016-10-25,Normal
Kael'thas,Cyberhawk Kael'thas,Cyborghawk,2016-10-25,Normal
Kael'thas,Cyberhawk Kael'thas,Sapphire,2016-10-25,Normal
Kael'thas,Cyberhawk Kael'thas,Spectre,2017-11-14,Normal
Kael'thas,Kael'thas,Base,2015-05-12,"Free, when Hero Owned"
Kael'thas,Kael'thas,Ivory,2015-05-12,"Free, when Hero Owned"
Kael'thas,Kael'thas,Silver,2015-05-12,"Free, when Hero Owned"
Kael'thas,Kael'thas,Forest,2017-04-25,Normal
Kael'thas,Lunar Kael'thas,Base,2018-02-06,Seasonal
Kael'thas,Lunar Kael'thas,Heavenly,2018-02-06,Seasonal
Kael'thas,Lunar Kael'thas,Jade,2018-02-06,Seasonal
Kael'thas,Lunar Kael'thas,Amber,2019-03-26,Seasonal
Kael'thas,Lunar Kael'thas,Lotus,2019-03-26,Seasonal
Kael'thas,Sovereign Kael'thas,Base,2015-05-12,Normal
Kael'thas,Sovereign Kael'thas,Fel,2015-05-12,Normal
Kael'thas,Sovereign Kael'thas,Sun,2015-05-12,Normal
Kael'thas,Stormbot Kael'thas,Base,2017-04-25,Normal
Kael'thas,Stormbot Kael'thas,Cobalt,2017-04-25,Normal
Kael'thas,StormPunk Kael'thas,Azure,2015-05-12,Normal
Kael'thas,StormPunk Kael'thas,Base,2015-05-12,Normal
Kael'thas,StormPunk Kael'thas,Crimson,2015-05-12,Normal
Kael'thas,StormPunk Kael'thas,Gold,2017-04-25,Normal
Kel'Thuzad,Kel'Thuzad,Base,2017-09-05,"Free, when Hero Owned"
Kel'Thuzad,Kel'Thuzad,Blightlord,2017-09-05,Normal
Kel'Thuzad,Kel'Thuzad,Naxxramas,2017-09-05,Normal
Kel'Thuzad,Kel'Thuzad,Northrend,2017-09-05,"Free, when Hero Owned"
Kel'Thuzad,Kel'Thuzad,Scourge,2017-09-05,"Free, when Hero Owned"
Kel'Thuzad,Star Lich Kel'Thuzad,Base,2017-09-05,Normal
Kel'Thuzad,Star Lich Kel'Thuzad,Eternal,2017-09-05,Normal
Kel'Thuzad,Star Lich Kel'Thuzad,Frost,2017-09-05,Normal
Kel'Thuzad,Star Lich Kel'Thuzad,Hunter,2017-09-05,Normal
Kel'Thuzad,Star Lich Kel'Thuzad,Neutron,2017-09-05,Normal
Kerrigan,Cheerleader Kerrigan,Azure,2017-04-11,Normal
Kerrigan,Cheerleader Kerrigan,Base,2017-04-11,Normal
Kerrigan,Cheerleader Kerrigan,Crimson,2017-04-11,Normal
Kerrigan,Cheerleader Kerrigan,Dorm,2017-05-16,Normal
Kerrigan,Cheerleader Kerrigan,Fighting,2017-09-05,Normal
Kerrigan,Cheerleader Kerrigan,Heartbreaker,2017-09-05,Normal
Kerrigan,Cheerleader Kerrigan,Champion,2018-07-10,Normal
Kerrigan,Countess Kerrigan,Base,2014-10-07,Seasonal
Kerrigan,Countess Kerrigan,Emerald,2014-10-07,Seasonal
Kerrigan,Countess Kerrigan,Onyx,2014-10-07,Seasonal
Kerrigan,Countess Kerrigan,Spectral,2018-09-25,Seasonal
Kerrigan,Cyber Ghost Kerrigan,Base,2019-03-26,Seasonal
Kerrigan,Kerrigan,Base,2014-03-13,"Free, when Hero Owned"
Kerrigan,Kerrigan,Char,2014-03-13,"Free, when Hero Owned"
Kerrigan,Kerrigan,Toxic,2014-03-13,"Free, when Hero Owned"
Kerrigan,Kerrigan,Shadow,2017-04-25,Normal
Kerrigan,Legion Mistress Kerrigan,Base,2017-04-25,Normal
Kerrigan,Legion Mistress Kerrigan,Suffering,2017-04-25,Normal
Kerrigan,Legion Mistress Kerrigan,Torment,2017-04-25,Normal
Kerrigan,Primal Queen Kerrigan,Ash,2014-07-23,Normal
Kerrigan,Primal Queen Kerrigan,Base,2014-07-23,Normal
Kerrigan,Primal Queen Kerrigan,Verdant,2014-07-23,Normal
Kerrigan,Queen of Ghosts Kerrigan,Base,2016-09-13,Normal
Kerrigan,Queen of Ghosts Kerrigan,Cruel,2016-09-13,Normal
Kerrigan,Queen of Ghosts Kerrigan,Vespene,2016-09-13,Normal
Kerrigan,Queen of Ghosts Kerrigan,MEKA,2017-07-11,Normal
Kerrigan,Queen of Ghosts Kerrigan,Templar,2017-07-11,Normal
Kerrigan,RCHS Cheerleader Kerrigan,Base,2018-11-27,Normal
Kerrigan,Succubus Kerrigan,Base,2014-03-13,Normal
Kerrigan,Succubus Kerrigan,Cataclysmic,2014-03-13,Normal
Kerrigan,Succubus Kerrigan,Crimson,2014-03-13,Normal
Kharazim,Berserker Kharazim,Base,2017-04-25,Normal
Kharazim,Berserker Kharazim,Old,2017-04-25,Normal
Kharazim,Bronze Tiger Kharazim,Base,2017-01-10,Normal
Kharazim,Bronze Tiger Kharazim,Primal,2017-01-10,Normal
Kharazim,Bronze Tiger Kharazim,Violet,2017-01-10,Normal
Kharazim,Bronze Tiger Kharazim,Sanguine,2017-11-14,Normal
Kharazim,Bronze Tiger Kharazim,Wildstone,2017-11-14,Normal
Kharazim,Dropkick Kharazim,Base,2018-05-22,Seasonal
Kharazim,Dropkick Kharazim,Champion,2018-05-22,Seasonal
Kharazim,Dropkick Kharazim,Dropdead,2018-05-22,Seasonal
Kharazim,Dropkick Kharazim,Maritime,2018-05-22,Seasonal
Kharazim,Jade Dragon Kharazim,Base,2015-08-18,Normal
Kharazim,Jade Dragon Kharazim,Eternal,2015-08-18,Normal
Kharazim,Jade Dragon Kharazim,Flame,2015-08-18,Normal
Kharazim,Kharazim,Base,2015-08-18,"Free, when Hero Owned"
Kharazim,Kharazim,Nomad,2015-08-18,"Free, when Hero Owned"
Kharazim,Kharazim,Verdant,2015-08-18,"Free, when Hero Owned"
Kharazim,Kharazim,Northern,2018-04-24,Normal
Kharazim,Nephalem Kharazim,Base,2018-04-24,Normal
Kharazim,Patriarch Kharazim,Base,2015-08-18,Normal
Kharazim,Patriarch Kharazim,Golden,2015-08-18,Normal
Kharazim,Patriarch Kharazim,Shadow,2015-08-18,Normal
Kharazim,Street Cyborg Kharazim,Base,2019-03-26,Seasonal
Kharazim,Street Cyborg Kharazim,Electric,2019-03-26,Seasonal
Kharazim,Street Cyborg Kharazim,Hardened,2019-03-26,Seasonal
Kharazim,Winter Veil Kharazim,Base,2017-12-12,Seasonal
Kharazim,Winter Veil Kharazim,Coal,2017-12-12,Seasonal
Kharazim,Winter Veil Kharazim,Evergreen,2017-12-12,Seasonal
Kharazim,Winter Veil Kharazim,Frozen,2017-12-12,Seasonal
Kharazim,Winter Veil Kharazim,Rosy,2017-12-12,Seasonal
Leoric,God-King Leoric,Base,2017-04-25,Normal
Leoric,God-King Leoric,Vrykul,2017-04-25,Normal
Leoric,Janitor Leoric,Base,2018-11-27,Normal
Leoric,Janitor Leoric,Spiteful,2018-11-27,Normal
Leoric,Janitor Leoric,Toxic,2018-11-27,Normal
Leoric,Leoric,Base,2015-07-21,"Free, when Hero Owned"
Leoric,Leoric,Copper,2015-07-21,"Free, when Hero Owned"
Leoric,Leoric,Ivory,2015-07-21,"Free, when Hero Owned"
Leoric,Space Lord Leoric,Base,2016-01-26,Normal
Leoric,Space Lord Leoric,Hunter,2016-01-26,Normal
Leoric,Space Lord Leoric,Neutron,2016-01-26,Normal
Leoric,Space Lord Leoric,Immortal,2017-12-12,Normal
Leoric,Vrykul Leoric,Base,2015-07-21,Normal
Leoric,Vrykul Leoric,Kvaldir,2015-07-21,Normal
Leoric,Vrykul Leoric,Ymirjar,2015-07-21,Normal
Leoric,Zakarum Leoric,Base,2015-07-21,Normal
Leoric,Zakarum Leoric,Entombed,2015-07-21,Normal
Leoric,Zakarum Leoric,Pure,2015-07-21,Normal
Li Li,Adventurer Li Li,Base,2014-08-04,Normal
Li Li,Adventurer Li Li,Plum,2014-08-04,Normal
Li Li,Adventurer Li Li,Snowy,2014-08-04,Normal
Li Li,Explorer Li Li,Base,2014-08-04,Normal
Li Li,Explorer Li Li,Night,2014-08-04,Normal
Li Li,Explorer Li Li,Pink,2014-08-04,Normal
Li Li,Gata de Batalla Li Li,Base,2020-06-23,Seasonal
Li Li,Gata de Batalla Li Li,Comeback,2020-06-23,Seasonal
Li Li,Gata de Batalla Li Li,Underworld,2020-06-23,Seasonal
Li Li,Li Li,Base,2014-04-15,"Free, when Hero Owned"
Li Li,Li Li,Jade,2014-04-15,"Free, when Hero Owned"
Li Li,Li Li,Saffron,2014-04-15,"Free, when Hero Owned"
Li Li,Lunar Li Li,Base,2015-01-27,Seasonal
Li Li,Lunar Li Li,Eclipse,2015-01-27,Seasonal
Li Li,Lunar Li Li,Sweet,2015-01-27,Seasonal
Li Li,Shadowblade Li Li,Base,2017-04-25,Normal
Li Li,Shadowblade Li Li,Vengeful,2017-04-25,Normal
Li Li,Shadowpaw Li Li,Base,2016-05-03,Normal
Li Li,Shadowpaw Li Li,Pearl,2016-05-03,Normal
Li Li,Shadowpaw Li Li,Twilight,2016-05-03,Normal
Li Li,Shadowpaw Li Li,Magenta,2017-04-25,Normal
Li-Ming,Archon Li-Ming,Base,2016-02-02,Normal
Li-Ming,Archon Li-Ming,Lovely,2016-02-02,Normal
Li-Ming,Archon Li-Ming,Shadow,2016-02-02,Normal
Li-Ming,Archon Li-Ming,Infernal,2017-07-11,Normal
Li-Ming,Li-Ming,Base,2016-02-02,"Free, when Hero Owned"
Li-Ming,Li-Ming,Crimson,2016-02-02,"Free, when Hero Owned"
Li-Ming,Li-Ming,Veradani,2016-02-02,"Free, when Hero Owned"
Li-Ming,Li-Ming,Indigo,2017-04-25,Normal
Li-Ming,Lunar Li-Ming,Amber,2017-01-24,Seasonal
Li-Ming,Lunar Li-Ming,Base,2017-01-24,Seasonal
Li-Ming,Lunar Li-Ming,Jade,2017-01-24,Seasonal
Li-Ming,Lunar Li-Ming,Blossom,2018-02-06,Seasonal
Li-Ming,Lunar Li-Ming,Heavenly,2018-02-06,Seasonal
Li-Ming,Lunar Li-Ming,Imperial,2018-02-06,Seasonal
Li-Ming,Nephalem Li-Ming,Base,2018-04-24,Normal
Li-Ming,RCHS Striker Li-Ming,Base,2018-11-27,Normal
Li-Ming,Star Princess Li-Ming,Base,2016-02-02,Normal
Li-Ming,Star Princess Li-Ming,Magical,2016-02-02,Normal
Li-Ming,Star Princess Li-Ming,Thunder,2016-02-02,Normal
Li-Ming,Star Princess Li-Ming,Dark,2017-04-25,Normal
Li-Ming,Star Queen Li-Ming,Base,2017-04-25,Normal
Li-Ming,Star Queen Li-Ming,Eternal,2017-04-25,Normal
Li-Ming,Star Queen Li-Ming,Neo,2017-04-25,Normal
Li-Ming,Striker Li-Ming,Base,2016-08-16,Normal
Li-Ming,Striker Li-Ming,Canary,2016-08-16,Normal
Li-Ming,Striker Li-Ming,Scarlet,2016-08-16,Normal
Li-Ming,Striker Li-Ming,Sapphire,2017-09-05,Normal
Li-Ming,Striker Li-Ming,Champion,2018-07-10,Normal
Li-Ming,Tal Rasha Li-Ming,Base,2017-06-13,Normal
Li-Ming,Tal Rasha Li-Ming,Cobalt,2017-06-13,Normal
Li-Ming,Tal Rasha Li-Ming,Crimson,2017-06-13,Normal
Li-Ming,Templar Li-Ming,Base,2017-08-08,Normal
Li-Ming,Templar Li-Ming,Dark,2017-08-08,Normal
Li-Ming,Templar Li-Ming,First Ascendant,2017-08-08,Normal
Li-Ming,Templar Li-Ming,Void,2017-08-08,Normal
Lt. Morales,Apothecary Morales,Base,2015-10-06,Normal
Lt. Morales,Apothecary Morales,Crimson,2015-10-06,Normal
Lt. Morales,Apothecary Morales,Ivory,2015-10-06,Normal
Lt. Morales,Apothecary Morales,Acid,2020-09-08,Seasonal
Lt. Morales,First Lt. Morales,Automated,2015-10-06,Normal
Lt. Morales,First Lt. Morales,Base,2015-10-06,Normal
Lt. Morales,First Lt. Morales,Hunter,2015-10-06,Normal
Lt. Morales,Love Doctor Morales,Base,2016-02-09,Normal
Lt. Morales,Love Doctor Morales,Mega,2016-02-09,Normal
Lt. Morales,Love Doctor Morales,Toxic,2016-02-09,Normal
Lt. Morales,Love Doctor Morales,Prototype,2017-04-25,Normal
Lt. Morales,Lt. Morales,Base,2015-10-06,"Free, when Hero Owned"
Lt. Morales,Lt. Morales,Crystal Arch,2015-10-06,"Free, when Hero Owned"
Lt. Morales,Lt. Morales,Knight-Lieutenant,2015-10-06,"Free, when Hero Owned"
Lt. Morales,Lt. Morales,Merciful,2017-04-25,Normal
Lt. Morales,Paramedic Morales,Base,2018-03-06,Normal
Lt. Morales,Paramedic Morales,Covert,2018-03-06,Normal
Lt. Morales,Paramedic Morales,Fiery,2018-03-06,Normal
Lt. Morales,Paramedic Morales,Neon ,2020-10-07,Normal
Lúcio,Lúcio,Auditiva,2017-02-14,"Free, when Hero Owned"
Lúcio,Lúcio,Base,2017-02-14,"Free, when Hero Owned"
Lúcio,Lúcio,Showtime,2017-02-14,"Free, when Hero Owned"
Lúcio,Lúcio,Vermelho,2017-02-14,Normal
Lúcio,Ribbit Lúcio,Base,2017-02-14,Normal
Lúcio,Ribbit Lúcio,Chrome,2017-02-14,Normal
Lúcio,Ribbit Lúcio,Hippityhop,2017-02-14,Normal
Lúcio,Ribbit Lúcio,Prime,2017-02-14,Normal
Lúcio,Ribbit Lúcio,Rosa,2017-02-14,Normal
Lúcio,Soundblast Lúcio,Amber,2017-02-14,Normal
Lúcio,Soundblast Lúcio,Base,2017-02-14,Normal
Lúcio,Soundblast Lúcio,Crimson,2017-02-14,Normal
Lúcio,Soundblast Lúcio,Azure,2017-12-12,Normal
Lúcio,Speed Demon Lucio,Base,2019-03-26,Seasonal
Lúcio,Speed Demon Lucio,Ivory,2019-03-26,Seasonal
Lúcio,Speed Demon Lucio,Jigoku,2019-03-26,Seasonal
Lunara,La Parca Lunara,Base,2018-05-22,Seasonal
Lunara,La Parca Lunara,Catrina,2018-05-22,Seasonal
Lunara,La Parca Lunara,Muertos,2018-05-22,Seasonal
Lunara,La Parca Lunara,Medianoche,2020-06-23,Seasonal
Lunara,La Parca Lunara,Rosa,2020-06-23,Seasonal
Lunara,Lunara,Autumn,2015-12-15,"Free, when Hero Owned"
Lunara,Lunara,Base,2015-12-15,"Free, when Hero Owned"
Lunara,Lunara,Frost,2015-12-15,"Free, when Hero Owned"
Lunara,Lunara,Emerald,2018-08-07,Normal
Lunara,Sentinel Lunara,Base,2015-12-15,Normal
Lunara,Sentinel Lunara,Blood,2015-12-15,Normal
Lunara,Sentinel Lunara,Enchanted,2015-12-15,Normal
Lunara,Sentinel Lunara,Dark,2017-04-25,Normal
Lunara,Warden Lunara,Base,2017-04-25,Normal
Lunara,Warden Lunara,Gray,2017-04-25,Normal
Lunara,Wild Champion Lunara,Base,2015-12-15,Normal
Lunara,Wild Champion Lunara,Floral,2015-12-15,Normal
Lunara,Wild Champion Lunara,Northern,2015-12-15,Normal
Lunara,Wild Champion Lunara,Harvest,2017-12-12,Normal
Lunara,Winter Veil Lunara,Base,2016-12-14,Seasonal
Lunara,Winter Veil Lunara,Mistletoe,2016-12-14,Seasonal
Lunara,Winter Veil Lunara,Snowfall,2016-12-14,Seasonal
Lunara,Winter Veil Lunara,Cold,2017-12-12,Seasonal
Lunara,Winter Veil Lunara,Starry,2017-12-12,Seasonal
Maiev,Hellwarden Maiev,Base,2018-02-06,Normal
Maiev,Hellwarden Maiev,Bone,2018-02-06,Normal
Maiev,Hellwarden Maiev,Dread,2018-02-06,Normal
Maiev,Hellwarden Maiev,Horde,2018-02-06,Normal
Maiev,Hellwarden Maiev,Plague,2018-02-06,Normal
Maiev,High Priestess Maiev,Base,2020-07-15,Normal
Maiev,High Priestess Maiev,Twilight,2020-07-15,Normal
Maiev,High Priestess Maiev,Woodland,2020-07-15,Normal
Maiev,Maiev,Base,2018-02-06,"Free, when Hero Owned"
Maiev,Maiev,Darnassian,2018-02-06,Normal
Maiev,Maiev,Dusk,2018-02-06,Normal
Maiev,Maiev,Ivory,2018-02-06,"Free, when Hero Owned"
Maiev,Maiev,Watcher,2018-02-06,"Free, when Hero Owned"
Maiev,Spider Warden Maiev,Base,2018-09-25,Seasonal
Maiev,Spider Warden Maiev,Forgotten,2018-09-25,Seasonal
Maiev,Spider Warden Maiev,Night,2018-09-25,Seasonal
Mal'Ganis,Dreadmachine Mal’Ganis,Base,2018-10-16,Normal
Mal'Ganis,Dreadmachine Mal’Ganis,Master,2018-10-16,Normal
Mal'Ganis,Dreadmachine Mal’Ganis,Neocarbon,2018-10-16,Normal
Mal'Ganis,Mal'gaucho Mal'ganis,Base,2020-06-23,Seasonal
Mal'Ganis,Mal'gaucho Mal'ganis,Nemesis,2020-06-23,Seasonal
Mal'Ganis,Mal'gaucho Mal'ganis,Underworld,2020-06-23,Seasonal
Mal'Ganis,Mal’Ganis,Base,2018-10-16,"Free, when Hero Owned"
Mal'Ganis,Mal’Ganis,Darkener,2018-10-16,"Free, when Hero Owned"
Mal'Ganis,Mal’Ganis,Infernal,2018-10-16,Normal
Mal'Ganis,Mal’Ganis,Northrend,2018-10-16,Normal
Mal'Ganis,Mal’Ganis,Undercity,2018-10-16,"Free, when Hero Owned"
Malfurion,Betrayer Malfurion,Base,2014-12-02,Normal
Malfurion,Betrayer Malfurion,Satyr,2014-12-02,Normal
Malfurion,Betrayer Malfurion,Wild,2014-12-02,Normal
Malfurion,Druid of the Flame Malfurion,Base,2016-11-29,Normal
Malfurion,Druid of the Flame Malfurion,Fel,2016-11-29,Normal
Malfurion,Druid of the Flame Malfurion,Molten,2016-11-29,Normal
Malfurion,Druid of the Flame Malfurion,Exiled,2017-09-05,Normal
Malfurion,Greatfather Winter Malfurion,Base,2017-12-12,Seasonal
Malfurion,Greatfather Winter Malfurion,Coal,2017-12-12,Seasonal
Malfurion,Greatfather Winter Malfurion,Icy,2017-12-12,Seasonal
Malfurion,Greatfather Winter Malfurion,Naughty,2017-12-12,Seasonal
Malfurion,Greatfather Winter Malfurion,Rosy,2017-12-12,Seasonal
Malfurion,Malfurion,Base,2014-03-13,"Free, when Hero Owned"
Malfurion,Malfurion,Raven,2014-03-13,"Free, when Hero Owned"
Malfurion,Malfurion,Tundra,2014-03-13,"Free, when Hero Owned"
Malfurion,Storm Mantle Malfurion,Base,2014-03-13,Normal
Malfurion,Storm Mantle Malfurion,Ice,2014-03-13,Normal
Malfurion,Storm Mantle Malfurion,Shadow,2014-03-13,Normal
Malfurion,Storm Mantle Malfurion,Autumn,2017-04-25,Normal
Malfurion,Waywatcher Malfurion,Base,2014-12-02,Normal
Malfurion,Waywatcher Malfurion,Dream,2014-12-02,Normal
Malfurion,Waywatcher Malfurion,Nightmare,2014-12-02,Normal
Malthael,Grave Warden Malthael,Angelic,2017-06-13,Normal
Malthael,Grave Warden Malthael,Base,2017-06-13,Normal
Malthael,Grave Warden Malthael,Crimson,2017-06-13,Normal
Malthael,Grave Warden Malthael,Frozen,2017-06-13,Normal
Malthael,Grave Warden Malthael,Timelost,2017-06-13,Normal
Malthael,Grave Warden Malthael,Sinuous,2018-04-24,Normal
Malthael,Malthael,Base,2017-06-13,"Free, when Hero Owned"
Malthael,Malthael,Platinum,2017-06-13,Normal
Malthael,Malthael,Spectral,2017-06-13,Normal
Malthael,Malthael,Tarnished,2017-06-13,"Free, when Hero Owned"
Malthael,Malthael,Toxic,2017-06-13,"Free, when Hero Owned"
Malthael,Season's Reapings Malthael,Base,2017-12-12,Seasonal
Malthael,Season's Reapings Malthael,Chilling,2017-12-12,Seasonal
Malthael,Season's Reapings Malthael,Coal,2017-12-12,Seasonal
Malthael,Season's Reapings Malthael,Hallowed,2017-12-12,Seasonal
Malthael,Season's Reapings Malthael,Plum,2017-12-12,Seasonal
Malthael,Xenotech Malthael,Apex,2019-06-18,Seasonal
Malthael,Xenotech Malthael,Base,2019-06-18,Seasonal
Malthael,Xenotech Malthael,Gamma,2019-06-18,Seasonal
Malthael,Xenotech Malthael,Twilight,2019-06-18,Seasonal
Malthael,Xenotech Malthael,Umbral,2019-06-18,Seasonal
Medivh,Knight Owl Medivh,Amethyst,2016-06-14,Normal
Medivh,Knight Owl Medivh,Base,2016-06-14,Normal
Medivh,Knight Owl Medivh,Citrine,2016-06-14,Normal
Medivh,Knight Owl Medivh,Emerald,2017-11-14,Normal
Medivh,Magus Medivh,Base,2016-06-14,Normal
Medivh,Magus Medivh,Black,2016-06-14,Normal
Medivh,Magus Medivh,White,2016-06-14,Normal
Medivh,Magus Medivh,Green,2017-09-05,Normal
Medivh,Medivh,Base,2016-06-14,"Free, when Hero Owned"
Medivh,Medivh,Fire,2016-06-14,"Free, when Hero Owned"
Medivh,Medivh,Nature,2016-06-14,"Free, when Hero Owned"
Medivh,Medivh,Arcane,2017-11-01,Normal
Medivh,Medivh,Dark,2018-03-06,Normal
Mei,Mei,Base,2020-06-23,"Free, when Hero Owned"
Mei,Mei,Marine,2020-06-23,"Free, when Hero Owned"
Mei,Mei,Powder Pink,2020-06-23,"Free, when Hero Owned"
Mei,Mei,Renowned,2020-06-23,Normal
Mei,Mei,Vanguard,2020-06-23,Normal
Mei,Necrotopologist Mei,Base,2020-09-08,Seasonal
Mei,Necrotopologist Mei,Frostbitten,2020-09-08,Seasonal
Mei,Necrotopologist Mei,Devilish,2020-09-08,Seasonal
Mei,Pajama Party Mei,Base,2020-06-23,Normal
Mei,Pajama Party Mei,Gnoll,2020-06-23,Normal
Mei,Pajama Party Mei,Panda,2020-06-23,Normal
Mephisto,Mephisto,Base,2018-09-04,"Free, when Hero Owned"
Mephisto,Mephisto,Golden,2018-09-04,Normal
Mephisto,Mephisto,Hollow,2018-09-04,"Free, when Hero Owned"
Mephisto,Mephisto,Noxious,2018-09-04,"Free, when Hero Owned"
Mephisto,Mephisto,Soulburn,2018-09-04,Normal
Mephisto,Star Wraith Mephisto,Base,2018-09-04,Normal
Mephisto,Star Wraith Mephisto,Cybernetic,2018-09-04,Normal
Mephisto,Star Wraith Mephisto,Eternal,2018-09-04,Normal
Mephisto,Tickle Mephisto,Base,2019-12-16,Seasonal
Mephisto,Tickle Mephisto,Crazed,2019-12-17,Seasonal
Mephisto,Tickle Mephisto,Grumpy,2019-12-17,Seasonal
Mephisto,Tickle Mephisto,Shocking,2019-12-17,Seasonal
Mephisto,Tickle Mephisto,Unlucky,2019-12-17,Seasonal
Muradin,Kandy King Muradin,Base,2014-07-08,Normal
Muradin,Kandy King Muradin,Caramel,2014-07-08,Normal
Muradin,Kandy King Muradin,Sour Apple,2014-07-08,Normal
Muradin,Kandy King Muradin,Butterscotch,2018-08-07,Normal
Muradin,Kandy King Muradin,Frosted,2018-08-07,Normal
Muradin,Magni Muradin,Base,2014-03-13,Normal
Muradin,Magni Muradin,Dark Iron,2014-03-13,Normal
Muradin,Magni Muradin,Frostborn,2014-03-13,Normal
Muradin,Magni Muradin,High King,2017-04-25,Normal
Muradin,Maraudin' Muradin,Base,2016-12-20,Normal
Muradin,Maraudin' Muradin,Dominion,2016-12-20,Normal
Muradin,Maraudin' Muradin,Raider,2016-12-20,Normal
Muradin,Maraudin' Muradin,Umojan,2017-07-11,Normal
Muradin,Muradin,Base,2014-03-13,"Free, when Hero Owned"
Muradin,Muradin,Mithril,2014-03-13,"Free, when Hero Owned"
Muradin,Muradin,Redstone,2014-03-13,"Free, when Hero Owned"
Muradin,Vanndar Muradin,Base,2018-06-19,Normal
Muradin,Vanndar Muradin,Expedition,2018-06-19,Normal
Muradin,Vanndar Muradin,Ironheart,2018-06-19,Normal
Muradin,Ymirjar Lord Muradin,Base,2014-08-04,Normal
Muradin,Ymirjar Lord Muradin,Blackrock,2014-08-04,Normal
Muradin,Ymirjar Lord Muradin,Dragonflayer,2014-08-04,Normal
Murky,Funny Bunny Murky,Albino,2015-03-31,Normal
Murky,Funny Bunny Murky,Base,2015-03-31,Normal
Murky,Funny Bunny Murky,Spring,2015-03-31,Normal
Murky,Garden Shambler Murky,Base,2017-10-17,Seasonal
Murky,Garden Shambler Murky,Hibiscus,2017-10-17,Seasonal
Murky,Garden Shambler Murky,Lilac,2017-10-17,Seasonal
Murky,Garden Shambler Murky,Orchid,2017-10-17,Seasonal
Murky,Garden Shambler Murky,Tulip,2017-10-17,Seasonal
Murky,Grunty Murky,Base,2014-05-22,Normal
Murky,Grunty Murky,Fire-Batty,2014-05-22,Normal
Murky,Grunty Murky,Heavenly,2014-05-22,Normal
Murky,Grunty Murky,Earthy,2020-09-08,Seasonal
Murky,Landwalker Murky,Base,2014-10-07,Normal
Murky,Landwalker Murky,Bluefish,2014-10-07,Normal
Murky,Landwalker Murky,Inky,2014-10-07,Normal
Murky,Murky,Base,2014-05-22,"Free, when Hero Owned"
Murky,Murky,Bioluminescent,2014-05-22,"Free, when Hero Owned"
Murky,Murky,Tropical,2014-05-22,"Free, when Hero Owned"
Murky,Murky,Clownfish,2018-08-07,Normal
Murky,Sir Murkalot,Amber,2017-06-13,Normal
Murky,Sir Murkalot,Base,2017-06-13,Normal
Murky,Sir Murkalot,Obsidian,2017-06-13,Normal
Murky,Sir Murkalot,Scarlet,2017-06-13,Normal
Murky,Sir Murkalot,Steel,2017-06-13,Normal
Nazeebo,Diesel Speaker Nazeebo,Base,2018-07-10,Normal
Nazeebo,Diesel Speaker Nazeebo,Hexplug,2018-07-10,Normal
Nazeebo,Diesel Speaker Nazeebo,Neon,2018-07-10,Normal
Nazeebo,Diesel Speaker Nazeebo,Molten,2019-08-06,Normal
Nazeebo,Gingerdread Nazeebo,Base,2016-12-14,Seasonal
Nazeebo,Gingerdread Nazeebo,Blueberry,2016-12-14,Seasonal
Nazeebo,Gingerdread Nazeebo,Mint,2016-12-14,Seasonal
Nazeebo,Gingerdread Nazeebo,Fruitcake,2017-12-12,Seasonal
Nazeebo,Gingerdread Nazeebo,Moldy,2017-12-12,Seasonal
Nazeebo,Grimskull Nazeebo,Azure,2014-03-13,Normal
Nazeebo,Grimskull Nazeebo,Base,2014-03-13,Normal
Nazeebo,Grimskull Nazeebo,Toxic,2014-03-13,Normal
Nazeebo,Grimskull Nazeebo,Arcane,2017-04-25,Normal
Nazeebo,Harlequin Nazeebo,Base,2015-02-17,Normal
Nazeebo,Harlequin Nazeebo,Harvest,2015-02-17,Normal
Nazeebo,Harlequin Nazeebo,Scarlet,2015-02-17,Normal
Nazeebo,Hellflame Nazeebo,Ashen,2014-10-07,Normal
Nazeebo,Hellflame Nazeebo,Base,2014-10-07,Normal
Nazeebo,Hellflame Nazeebo,Weathered,2014-10-07,Normal
Nazeebo,Nazeebo,Base,2014-03-13,"Free, when Hero Owned"
Nazeebo,Nazeebo,Crimson,2014-03-13,"Free, when Hero Owned"
Nazeebo,Nazeebo,Shadow,2014-03-13,"Free, when Hero Owned"
Nazeebo,Nazeebo,Ceremonial,2018-04-24,Normal
Nazeebo,Nazeebo,Rain,2018-04-24,Normal
Nazeebo,Nazeebo,Sunrise,2018-04-24,Normal
Nazeebo,Nephalem Nazeebo,Base,2018-04-24,Normal
Nova,Deathranger Nova,Base,2019-08-06,Limited
Nova,Deathranger Nova,Dusk,2019-08-06,Limited
Nova,Deathranger Nova,Ember,2019-08-06,Limited
Nova,Deathranger Nova,Mirage,2019-08-06,Limited
Nova,Deathranger Nova,Rugged,2019-08-06,Limited
Nova,Elite Agent Nova,Base,2014-09-10,Normal
Nova,Elite Agent Nova,Dominion,2014-09-10,Normal
Nova,Elite Agent Nova,Magenta,2014-09-10,Normal
Nova,Nova,Base,2014-03-13,"Free, when Hero Owned"
Nova,Nova,Jade,2014-03-13,"Free, when Hero Owned"
Nova,Nova,Scarlet,2014-03-13,"Free, when Hero Owned"
Nova,Novazon,Base,2015-06-30,Normal
Nova,Novazon,Jungle,2015-06-30,Normal
Nova,Novazon,Rogue,2015-06-30,Normal
Nova,Roller Derby Nova,Base,2014-03-13,Normal
Nova,Roller Derby Nova,Golden,2014-03-13,Normal
Nova,Roller Derby Nova,Violet,2014-03-13,Normal
Nova,Spectre Nova,Base,2014-03-13,Normal
Nova,Spectre Nova,Neon,2014-03-13,Normal
Nova,Spectre Nova,Urban,2014-03-13,Normal
Nova,Widowmaker Nova,Amber,2016-05-17,Normal
Nova,Widowmaker Nova,Base,2016-05-17,Normal
Nova,Widowmaker Nova,Emerald,2016-05-17,Normal
Nova,Widowmaker Nova,Moonlight,2017-09-26,Normal
Orphea,Baby-Face Orphea,Base,2019-09-24,Seasonal
Orphea,Baby-Face Orphea,Devious,2019-09-24,Seasonal
Orphea,Baby-Face Orphea,Honey,2019-09-24,Seasonal
Orphea,Baby-Face Orphea,Lovely,2019-09-24,Seasonal
Orphea,Baby-Face Orphea,Sly,2019-09-24,Seasonal
Orphea,Orphea,Base,2018-11-13,"Free, when Hero Owned"
Orphea,Orphea,Hallowed,2018-11-13,Normal
Orphea,Orphea,Pristine,2018-11-13,"Free, when Hero Owned"
Orphea,Orphea,Regal,2018-11-13,"Free, when Hero Owned"
Orphea,Orphea,Verdant,2018-11-13,Normal
Orphea,Slacker Orphea,Base,2018-11-13,Normal
Orphea,Slacker Orphea,RCHS,2018-11-13,Normal
Orphea,Slacker Orphea,Spoiled,2018-11-13,Normal
Probius,Probius,Ara Tribe,2017-03-14,Normal
Probius,Probius,Base,2017-03-14,"Free, when Hero Owned"
Probius,Probius,Nerazim,2017-03-14,Normal
Probius,Probius,Purifier,2017-03-14,"Free, when Hero Owned"
Probius,Probius,Tal'darim,2017-03-14,"Free, when Hero Owned"
Probius,Probius Prime,Ascendant,2017-03-14,Normal
Probius,Probius Prime,Base,2017-03-14,Normal
Probius,Probius Prime,Warpforge,2017-03-14,Normal
Probius,Probius Prime,Sargas,2017-08-08,Normal
Probius,Probius Prime,Solarite,2017-08-08,Normal
Probius,Probius Prime,Overclocked,2019-03-26,Seasonal
Probius,Terran Probius,1,2017-03-14,Normal
Probius,Terran Probius,Base,2017-03-14,Normal
Probius,Terran Probius,G1,2017-03-14,Normal
Probius,Terran Probius,Red One,2017-09-05,Normal
Probius,Terran Probius,X1,2017-09-05,Normal
Qhira,Cosmonaut Qhira,Base,2019-12-16,Seasonal
Qhira,Cosmonaut Qhira,Commander,2019-12-17,Seasonal
Qhira,Cosmonaut Qhira,Eternal,2019-12-17,Seasonal
Qhira,Cosmonaut Qhira,Explorer,2019-12-17,Seasonal
Qhira,Cosmonaut Qhira,Super,2019-12-17,Seasonal
Qhira,Qhira,Base,2019-08-06,"Free, when Hero Owned"
Qhira,Qhira,Cobalt,2019-08-06,"Free, when Hero Owned"
Qhira,Qhira,Fearless,2019-08-06,Normal
Qhira,Qhira,Jade,2019-08-06,Normal
Qhira,Qhira,Survivor,2019-08-06,"Free, when Hero Owned"
Qhira,Scrapper Queen Qhira,Base,2019-08-06,Normal
Qhira,Scrapper Queen Qhira,Berserk,2019-08-06,Normal
Qhira,Scrapper Queen Qhira,Desert,2019-08-06,Normal
Qhira,Scrapper Queen Qhira,Executor,2019-08-06,Normal
Qhira,Scrapper Queen Qhira,Vanquisher,2019-08-06,Normal
Ragnaros,Lil' Ragnaros,Amber,2016-12-14,Normal
Ragnaros,Lil' Ragnaros,Base,2016-12-14,Normal
Ragnaros,Lil' Ragnaros,Blazing,2016-12-14,Normal
Ragnaros,Ragnaros,Base,2016-12-14,"Free, when Hero Owned"
Ragnaros,Ragnaros,Molten,2016-12-14,"Free, when Hero Owned"
Ragnaros,Ragnaros,Scorching,2016-12-14,"Free, when Hero Owned"
Ragnaros,Sulfuron Ragnaros,Base,2016-12-14,Normal
Ragnaros,Sulfuron Ragnaros,Flame,2016-12-14,Normal
Ragnaros,Sulfuron Ragnaros,Infernal,2016-12-14,Normal
Raynor,Commander Raynor,Base,2014-06-03,Normal
Raynor,Commander Raynor,Desert,2014-06-03,Normal
Raynor,Commander Raynor,Jungle,2014-06-03,Normal
Raynor,Commander Raynor,Urban,2017-04-25,Normal
Raynor,Commander Raynor,Amphibious,2017-09-05,Normal
Raynor,Marshal Raynor,Base,2015-10-06,Normal
Raynor,Marshal Raynor,Dominion,2015-10-06,Normal
Raynor,Marshal Raynor,Old,2015-10-06,Normal
Raynor,Raynor,Base,2014-03-13,"Free, when Hero Owned"
Raynor,Raynor,Dominion,2014-03-13,"Free, when Hero Owned"
Raynor,Raynor,War Pig,2014-03-13,"Free, when Hero Owned"
Raynor,Raynor,Green Army,2019-12-16,Seasonal
Raynor,Roadraider Raynor,Base,2018-07-10,Normal
Raynor,Roadraider Raynor,Ghostly,2018-07-10,Normal
Raynor,Roadraider Raynor,Nameless,2018-07-10,Normal
Raynor,Roadraider Raynor,Daredevil,2019-08-06,Normal
Raynor,Special Ordnance Raynor,Base,2014-09-10,Normal
Raynor,Special Ordnance Raynor,Brass,2014-09-10,Normal
Raynor,Special Ordnance Raynor,Crimson,2014-09-10,Normal
Raynor,Stars and Stripes Raynor,Agent,2014-03-13,Normal
Raynor,Stars and Stripes Raynor,Base,2014-03-13,Normal
Raynor,Stars and Stripes Raynor,Guardian,2014-03-13,Normal
Rehgar,Drek'Thar Rehgar,Alterac,2018-06-19,Normal
Rehgar,Drek'Thar Rehgar,Base,2018-06-19,Normal
Rehgar,Drek'Thar Rehgar,Draenor,2018-06-19,Normal
Rehgar,Great-father Winter Rehgar,Base,2014-12-02,Seasonal
Rehgar,Great-father Winter Rehgar,Frozen,2014-12-02,Seasonal
Rehgar,Great-father Winter Rehgar,Ivory,2014-12-02,Seasonal
Rehgar,Ironclaw Rehgar,Base,2014-07-23,Normal
Rehgar,Ironclaw Rehgar,Chaos,2014-07-23,Normal
Rehgar,Ironclaw Rehgar,Pallid,2014-07-23,Normal
Rehgar,Ironclaw Rehgar,Voidclaw,2017-04-25,Normal
Rehgar,Ironclaw Rehgar,Saronite,2017-08-08,Normal
Rehgar,Mecha Rehgar,Base,2018-01-16,Normal
Rehgar,Mecha Rehgar,Custom,2018-01-16,Normal
Rehgar,Mecha Rehgar,Death's Head,2018-01-16,Normal
Rehgar,Mecha Rehgar,Dark,2019-07-09,Limited
Rehgar,Rehgar,Base,2014-07-23,"Free, when Hero Owned"
Rehgar,Rehgar,Bloodlust,2014-07-23,"Free, when Hero Owned"
Rehgar,Rehgar,Timberwolf,2014-07-23,"Free, when Hero Owned"
Rehgar,Rehgar,Riptide,2017-04-25,Normal
Rehgar,Rehgar,Gladiator,2018-06-12,Normal
Rehgar,Storm Wolf Rehgar,Base,2014-07-23,Normal
Rehgar,Storm Wolf Rehgar,Crimson,2014-07-23,Normal
Rehgar,Storm Wolf Rehgar,Mag'har,2014-07-23,Normal
Rexxar,Beastmaster Rexxar,Base,2015-09-08,Normal
Rexxar,Beastmaster Rexxar,Leopard,2015-09-08,Normal
Rexxar,Beastmaster Rexxar,Orc,2015-09-08,Normal
Rexxar,Frostlord Rexxar,Base,2015-09-08,Normal
Rexxar,Frostlord Rexxar,Earthen,2015-09-08,Normal
Rexxar,Frostlord Rexxar,Jasper,2015-09-08,Normal
Rexxar,Raider Rexxar,Base,2016-09-27,Normal
Rexxar,Raider Rexxar,Covert,2016-09-27,Normal
Rexxar,Raider Rexxar,Fire,2016-09-27,Normal
Rexxar,Raider Rexxar,Biohazard,2017-07-11,Normal
Rexxar,Raider Rexxar,Angelic,2020-09-08,Seasonal
Rexxar,Rexxar,Base,2015-09-08,"Free, when Hero Owned"
Rexxar,Rexxar,Pallid,2015-09-08,"Free, when Hero Owned"
Rexxar,Rexxar,Wild,2015-09-08,"Free, when Hero Owned"
Samuro,Burning Blade Samuro,Amber,2016-10-18,Normal
Samuro,Burning Blade Samuro,Base,2016-10-18,Normal
Samuro,Burning Blade Samuro,Pallid,2016-10-18,Normal
Samuro,Burning Blade Samuro,Draenor,2018-07-10,Normal
Samuro,Burning Blade Samuro,Fel,2018-07-10,Normal
Samuro,Hellblade Samuro,Base,2016-10-18,Normal
Samuro,Hellblade Samuro,Fel,2016-10-18,Normal
Samuro,Hellblade Samuro,Shadowmoon,2016-10-18,Normal
Samuro,Hellblade Samuro,Warsong,2017-08-08,Normal
Samuro,Monkey King Samuro,Base,2017-01-24,Normal
Samuro,Monkey King Samuro,Jade,2017-01-24,Normal
Samuro,Monkey King Samuro,Super,2017-01-24,Normal
Samuro,Monkey King Samuro,Genius,2017-09-05,Normal
Samuro,Monkey King Samuro,Midnight,2017-11-14,Normal
Samuro,Monkey King Samuro,Golden,2018-02-06,Normal
Samuro,Samuro,Base,2016-10-18,"Free, when Hero Owned"
Samuro,Samuro,Shattered Hand,2016-10-18,"Free, when Hero Owned"
Samuro,Samuro,Warsong,2016-10-18,"Free, when Hero Owned"
Samuro,Samuro,Dark Hand,2018-07-10,Normal
Sgt. Hammer,Big Shot Sgt. Hammer,Base,2019-09-24,Seasonal
Sgt. Hammer,Big Shot Sgt. Hammer,Cabbie,2019-09-24,Seasonal
Sgt. Hammer,Big Shot Sgt. Hammer,Dragster,2019-09-24,Seasonal
Sgt. Hammer,Big Shot Sgt. Hammer,Hot,2019-09-24,Seasonal
Sgt. Hammer,Big Shot Sgt. Hammer,Untouchable,2019-09-24,Seasonal
Sgt. Hammer,Master Sgt. Hammer,Base,2014-10-07,Normal
Sgt. Hammer,Master Sgt. Hammer,Moebius,2014-10-07,Normal
Sgt. Hammer,Master Sgt. Hammer,Renegade,2014-10-07,Normal
Sgt. Hammer,Sgt. Doomhammer,Base,2015-09-01,Normal
Sgt. Hammer,Sgt. Doomhammer,Fel,2015-09-01,Normal
Sgt. Hammer,Sgt. Doomhammer,Shadow,2015-09-01,Normal
Sgt. Hammer,Sgt. Hammer,Base,2014-03-13,"Free, when Hero Owned"
Sgt. Hammer,Sgt. Hammer,Raider,2014-03-13,"Free, when Hero Owned"
Sgt. Hammer,Sgt. Hammer,Umojan,2014-03-13,"Free, when Hero Owned"
Sgt. Hammer,War World Sgt. Hammer,Base,2014-03-13,Normal
Sgt. Hammer,War World Sgt. Hammer,Camo,2014-03-13,Normal
Sgt. Hammer,War World Sgt. Hammer,Tech,2014-03-13,Normal
Sgt. Hammer,War World Sgt. Hammer,Neon,2017-04-25,Normal
Sonya,Death Knight Sonya,Base,2017-09-05,Normal
Sonya,Death Knight Sonya,Black,2017-09-05,Normal
Sonya,Death Knight Sonya,Blighted,2017-09-05,Normal
Sonya,Death Knight Sonya,Naxxramas,2017-09-05,Normal
Sonya,Death Knight Sonya,Unholy,2017-09-05,Normal
Sonya,Deathbringer Sonya,Abyssal,2017-09-05,Normal
Sonya,Deathbringer Sonya,Base,2017-09-05,Normal
Sonya,Deathbringer Sonya,Plagued,2017-09-05,Normal
Sonya,Deathbringer Sonya,Sanguine,2017-09-05,Normal
Sonya,Deathbringer Sonya,Ymirjar,2017-09-05,Normal
Sonya,La Pantera Sonya,Base,2018-05-22,Seasonal
Sonya,La Pantera Sonya,Dorada,2018-05-22,Seasonal
Sonya,La Pantera Sonya,Underworld,2018-05-22,Seasonal
Sonya,La Pantera Sonya,Campeona,2020-06-23,Seasonal
Sonya,La Pantera Sonya,Pink,2020-06-23,Seasonal
Sonya,Legion's Wrath Sonya,Base,2017-04-25,Normal
Sonya,Legion's Wrath Sonya,Crimson,2017-04-25,Normal
Sonya,Nephalem Sonya,Base,2018-04-24,Normal
Sonya,Sonya,Angelic,2014-03-13,Normal
Sonya,Sonya,Base,2014-03-13,"Free, when Hero Owned"
Sonya,Sonya,Dreadlands,2014-03-13,"Free, when Hero Owned"
Sonya,Sonya,Unclean,2014-03-13,"Free, when Hero Owned"
Sonya,Super Sonya,Base,2015-05-19,Normal
Sonya,Super Sonya,Magenta,2015-05-19,Normal
Sonya,Super Sonya,Techno,2015-05-19,Normal
Sonya,Super Sonya,Viridian,2017-04-25,Normal
Sonya,Valorous Sonya,Base,2014-07-23,Normal
Sonya,Valorous Sonya,Frozen,2014-07-23,Normal
Sonya,Valorous Sonya,Iron,2014-07-23,Normal
Sonya,Wrath Sonya,Base,2014-03-13,Normal
Sonya,Wrath Sonya,Crimson,2014-03-13,Normal
Sonya,Wrath Sonya,Fuchsia,2014-03-13,Normal
Sonya,Wrath Sonya,Scarlet,2017-04-25,Normal
Stitches,Bikini Stitches,Base,2014-03-13,Seasonal
Stitches,Bikini Stitches,Pink,2014-03-13,Seasonal
Stitches,Bikini Stitches,Zebra,2014-03-13,Seasonal
Stitches,Bikini Stitches,Azure,2017-06-27,Seasonal
Stitches,Bikini Stitches,Fuchsia,2017-06-27,Seasonal
Stitches,Bikini Stitches,Heatwave,2017-06-27,Seasonal
Stitches,Bikini Stitches,Lifeguard,2017-06-27,Seasonal
Stitches,Bikini Stitches,Verdant,2017-06-27,Seasonal
Stitches,Chef Stitches,Base,2014-03-13,Normal
Stitches,Chef Stitches,Head,2014-03-13,Normal
Stitches,Chef Stitches,Sous,2014-03-13,Normal
Stitches,Cuddle Bear Stitches,Base,2018-12-11,Seasonal
Stitches,Cuddle Bear Stitches,Honey,2018-12-11,Seasonal
Stitches,Cuddle Bear Stitches,Snuggle,2018-12-11,Seasonal
Stitches,Cuddle Bear Stitches,Bitter,2019-12-17,Seasonal
Stitches,Cuddle Bear Stitches,Fuzzy,2019-12-17,Seasonal
Stitches,Cuddle Bear Stitches,Shabby,2019-12-17,Seasonal
Stitches,Greatfather Winter Stitches,Base,2015-12-15,Seasonal
Stitches,Greatfather Winter Stitches,Cold,2015-12-15,Seasonal
Stitches,Greatfather Winter Stitches,Festive,2015-12-15,Seasonal
Stitches,Greatfather Winter Stitches,Ivory,2017-12-12,Seasonal
Stitches,King Stitches,Base,2014-07-23,Normal
Stitches,King Stitches,Crimson,2014-07-23,Normal
Stitches,King Stitches,Toxic,2014-07-23,Normal
Stitches,Psycho Stitches,Base,2014-03-13,Seasonal
Stitches,Psycho Stitches,Camo,2014-03-13,Seasonal
Stitches,Psycho Stitches,Pumpkin,2014-03-13,Seasonal
Stitches,Stitches,Base,2014-03-13,"Free, when Hero Owned"
Stitches,Stitches,Bruised,2014-03-13,"Free, when Hero Owned"
Stitches,Stitches,Congealed,2014-03-13,"Free, when Hero Owned"
Stukov,Admiral Krakenov,Base,2017-07-11,Normal
Stukov,Admiral Krakenov,Ghost,2017-07-11,Normal
Stukov,Admiral Krakenov,Reef,2017-07-11,Normal
Stukov,Admiral Krakenov,Tideswept,2017-07-11,Normal
Stukov,Admiral Krakenov,Vice,2017-07-11,Normal
Stukov,Imperator Stukov,Arctic,2018-08-07,Normal
Stukov,Imperator Stukov,Base,2018-08-07,Normal
Stukov,Imperator Stukov,Noxious,2018-08-07,Normal
Stukov,Imperator Stukov,Badlands,2019-02-12,Normal
Stukov,Imperator Stukov,Cryo,2019-02-12,Normal
Stukov,Stukov,Base,2017-07-11,"Free, when Hero Owned"
Stukov,Stukov,Dictator,2017-07-11,"Free, when Hero Owned"
Stukov,Stukov,Kaldir,2017-07-11,Normal
Stukov,Stukov,UED,2017-07-11,"Free, when Hero Owned"
Stukov,Stukov,Zerus,2017-07-11,Normal
Sylvanas,Blood Raven Sylvanas,Banshee,2017-06-13,Normal
Sylvanas,Blood Raven Sylvanas,Base,2017-06-13,Normal
Sylvanas,Blood Raven Sylvanas,Jungle,2017-06-13,Normal
Sylvanas,Blood Raven Sylvanas,Skeletal,2017-06-13,Normal
Sylvanas,Blood Raven Sylvanas,Wild,2017-06-13,Normal
Sylvanas,Dark Lady Sylvanas,Base,2015-03-24,Normal
Sylvanas,Dark Lady Sylvanas,Plagued,2015-03-24,Normal
Sylvanas,Dark Lady Sylvanas,San'layn,2015-03-24,Normal
Sylvanas,Lunar Sylvanas,Base,2018-02-06,Seasonal
Sylvanas,Lunar Sylvanas,Jade,2018-02-06,Seasonal
Sylvanas,Lunar Sylvanas,Soaring,2018-02-06,Seasonal
Sylvanas,Lunar Sylvanas,Azure,2019-03-26,Seasonal
Sylvanas,Lunar Sylvanas,Blossom,2019-03-26,Seasonal
Sylvanas,Ranger-General Sylvanas,Base,2015-03-24,Normal
Sylvanas,Ranger-General Sylvanas,Sin'dorei,2015-03-24,Normal
Sylvanas,Ranger-General Sylvanas,Woodland,2015-03-24,Normal
Sylvanas,Ranger-General Sylvanas,Ghostlands,2017-04-25,Normal
Sylvanas,Sugar Plum Sylvanas,Base,2015-12-15,Seasonal
Sylvanas,Sugar Plum Sylvanas,Snow,2015-12-15,Seasonal
Sylvanas,Sugar Plum Sylvanas,Sour,2015-12-15,Seasonal
Sylvanas,Sugar Plum Sylvanas,Sweet,2017-12-12,Seasonal
Sylvanas,Sugar Plum Sylvanas,Mint Sugar,2018-12-11,Seasonal
Sylvanas,Sylvanas,Base,2015-03-24,"Free, when Hero Owned"
Sylvanas,Sylvanas,Frost,2015-03-24,"Free, when Hero Owned"
Sylvanas,Sylvanas,Scarlet,2015-03-24,"Free, when Hero Owned"
Sylvanas,Warchief Sylvanas,Base,2017-04-25,Normal
Sylvanas,Warchief Sylvanas,Cold,2017-04-25,Normal
Sylvanas,Warchief Sylvanas,Crimson,2017-04-25,Normal
Tassadar,Crypt King Tassadar,Base,2015-01-13,Normal
Tassadar,Crypt King Tassadar,Crimson,2015-01-13,Normal
Tassadar,Crypt King Tassadar,Golden,2015-01-13,Normal
Tassadar,Crypt King Tassadar,Chosen,2018-03-27,Normal
Tassadar,Crypt King Tassadar,Exiled,2018-03-27,Normal
Tassadar,Dark Nexus Tassadar,Astral,2020-04-14,Seasonal
Tassadar,Dark Nexus Tassadar,Awakened,2020-04-14,Seasonal
Tassadar,Dark Nexus Tassadar,Base,2020-04-14,Seasonal
Tassadar,Dark Nexus Tassadar,Eldritch,2020-04-14,Seasonal
Tassadar,Dark Nexus Tassadar,Forgotten,2020-04-14,Seasonal
Tassadar,Executor Tassadar,Base,2014-07-23,Normal
Tassadar,Executor Tassadar,Garnet,2014-07-23,Normal
Tassadar,Executor Tassadar,Indigo,2014-07-23,Normal
Tassadar,Mecha Tassadar,Base,2015-03-24,Normal
Tassadar,Mecha Tassadar,Cobalt,2015-03-24,Normal
Tassadar,Mecha Tassadar,Vermillion,2015-03-24,Normal
Tassadar,Tassadar,Base,2014-03-13,"Free, when Hero Owned"
Tassadar,Tassadar,Solarite,2014-03-13,"Free, when Hero Owned"
Tassadar,Tassadar,Void,2014-03-13,"Free, when Hero Owned"
Tassadar,Tassadar,Emerald,2017-04-25,Normal
The Butcher,Cyber Oni Butcher,Base,2019-03-26,Seasonal
The Butcher,Cyber Oni Butcher,Ivory,2019-03-26,Seasonal
The Butcher,Cyber Oni Butcher,Jigoku,2019-03-26,Seasonal
The Butcher,Executioner Butcher,Base,2015-06-30,Normal
The Butcher,Executioner Butcher,Dark,2015-06-30,Normal
The Butcher,Executioner Butcher,Toxic,2015-06-30,Normal
The Butcher,Iron Butcher,Base,2015-06-30,Normal
The Butcher,Iron Butcher,Fel,2015-06-30,Normal
The Butcher,Iron Butcher,Savage,2015-06-30,Normal
The Butcher,The Butcher,Base,2015-06-30,"Free, when Hero Owned"
The Butcher,The Butcher,Conaminated,2015-06-30,"Free, when Hero Owned"
The Butcher,The Butcher,Reptilian,2015-06-30,"Free, when Hero Owned"
The Butcher,The Butcher,Petrified,2018-04-24,Normal
The Butcher,The Butcherlisk,Base,2016-09-13,Normal
The Butcher,The Butcherlisk,Enraged,2016-09-13,Normal
The Butcher,The Butcherlisk,Festering,2016-09-13,Normal
The Butcher,The Butcherlisk,Grendel,2017-08-08,Normal
The Lost Vikings,Pajama Party Lost Vikings,Base,2015-02-10,Normal
The Lost Vikings,Pajama Party Lost Vikings,Pastel,2015-02-10,Normal
The Lost Vikings,Pajama Party Lost Vikings,Toon,2015-02-10,Normal
The Lost Vikings,Sequel Lost Vikings,Base,2015-02-10,Normal
The Lost Vikings,Sequel Lost Vikings,Heroic,2015-02-10,Normal
The Lost Vikings,Sequel Lost Vikings,Primary,2015-02-10,Normal
The Lost Vikings,The Lost Vikings,Base,2015-02-10,"Free, when Hero Owned"
The Lost Vikings,The Lost Vikings,Classic,2015-02-10,"Free, when Hero Owned"
The Lost Vikings,The Lost Vikings,Ochre,2015-02-10,"Free, when Hero Owned"
Thrall,Earthbreaker Thrall,Base,2015-09-01,Normal
Thrall,Earthbreaker Thrall,Dreambreaker,2015-09-01,Normal
Thrall,Earthbreaker Thrall,Soulbreaker,2015-09-01,Normal
Thrall,Hellhammer Thrall,Base,2015-01-13,Normal
Thrall,Hellhammer Thrall,Dreanor,2015-01-13,Normal
Thrall,Hellhammer Thrall,Felhammer,2015-01-13,Normal
Thrall,Hellhammer Thrall,Ashen,2017-04-25,Normal
Thrall,Thrall,Base,2015-01-13,"Free, when Hero Owned"
Thrall,Thrall,Mag'har,2015-01-13,"Free, when Hero Owned"
Thrall,Thrall,Silver,2015-01-13,"Free, when Hero Owned"
Thrall,World-Shaman Thrall,Base,2015-01-13,Normal
Thrall,World-Shaman Thrall,Dark,2015-01-13,Normal
Thrall,World-Shaman Thrall,Pallid,2015-01-13,Normal
Tracer,Divine Herald Tracer,Base,2020-05-05,Normal
Tracer,Divine Herald Tracer,Cursed,2020-05-05,Normal
Tracer,Divine Herald Tracer,Infernal,2020-05-05,Normal
Tracer,Divine Herald Tracer,Nature's,2020-05-05,Normal
Tracer,Divine Herald Tracer,Serene,2020-05-05,Normal
Tracer,Ghost Tracer,Amber,2017-04-25,Normal
Tracer,Ghost Tracer,Base,2017-04-25,Normal
Tracer,Slip 'N Stream Tracer,Azure,2017-06-27,Seasonal
Tracer,Slip 'N Stream Tracer,Base,2017-06-27,Seasonal
Tracer,Slip 'N Stream Tracer,Heatwave,2017-06-27,Seasonal
Tracer,Slip 'N Stream Tracer,Hyper,2017-06-27,Seasonal
Tracer,Slip 'N Stream Tracer,Verdant,2017-06-27,Seasonal
Tracer,Spectre Tracer,Amber,2016-04-26,Normal
Tracer,Spectre Tracer,Base,2016-04-26,Normal
Tracer,Spectre Tracer,Neon,2016-04-26,Normal
Tracer,Spectre Tracer,Cryo,2017-04-25,Normal
Tracer,Tracer,Base,2016-04-19,"Free, when Hero Owned"
Tracer,Tracer,Neon Green,2016-04-19,"Free, when Hero Owned"
Tracer,Tracer,Royal Blue,2016-04-19,"Free, when Hero Owned"
Tracer,Tracer,Throwback,2017-04-25,Normal
Tracer,Turbo Tracer,Base,2016-04-19,Normal
Tracer,Turbo Tracer,Hyper,2016-04-19,Normal
Tracer,Turbo Tracer,Slipstream,2016-04-19,Normal
Tracer,Turbo Tracer,Hot Rod,2017-09-26,Normal
Tychus,Custom Rig Tychus,Base,2014-09-10,Normal
Tychus,Custom Rig Tychus,Shock,2014-09-10,Normal
Tychus,Custom Rig Tychus,Toxic,2014-09-10,Normal
Tychus,Infested Tychus,Abandoned,2014-10-07,Normal
Tychus,Infested Tychus,Base,2014-10-07,Normal
Tychus,Infested Tychus,Dominion,2014-10-07,Normal
Tychus,Power Briefs Tychus,Azure,2017-06-27,Seasonal
Tychus,Power Briefs Tychus,Base,2017-06-27,Seasonal
Tychus,Power Briefs Tychus,Onyx,2017-06-27,Seasonal
Tychus,Power Briefs Tychus,Pink,2017-06-27,Seasonal
Tychus,Power Briefs Tychus,Tanned,2017-06-27,Seasonal
Tychus,Power Drench Tychus,Arctic,2017-06-27,Seasonal
Tychus,Power Drench Tychus,Base,2017-06-27,Seasonal
Tychus,Power Drench Tychus,Dark,2017-06-27,Seasonal
Tychus,Power Drench Tychus,Verdant,2017-06-27,Seasonal
Tychus,Power Drench Tychus,Zergy,2017-06-27,Seasonal
Tychus,Prisoner Tychus,Base,2015-08-18,Normal
Tychus,Prisoner Tychus,Camo,2015-08-18,Normal
Tychus,Prisoner Tychus,Jailbird,2015-08-18,Normal
Tychus,Tychus,Base,2014-03-18,"Free, when Hero Owned"
Tychus,Tychus,Navy,2014-03-18,"Free, when Hero Owned"
Tychus,Tychus,Slate,2014-03-18,"Free, when Hero Owned"
Tyrael,Archangel Tyrael,Base,2014-09-10,Normal
Tyrael,Archangel Tyrael,Silver,2014-09-10,Normal
Tyrael,Archangel Tyrael,Wisdom,2014-09-10,Normal
Tyrael,Archangel Tyrael,Vengeful,2017-07-11,Normal
Tyrael,Demonic Tyrael,Base,2014-03-13,Normal
Tyrael,Demonic Tyrael,Fel,2014-03-13,Normal
Tyrael,Demonic Tyrael,Void,2014-03-13,Normal
Tyrael,Demonic Tyrael,Infernal,2017-06-13,Normal
Tyrael,Mecha Tyrael,Base,2018-01-16,Normal
Tyrael,Mecha Tyrael,Deathreaper,2018-01-16,Normal
Tyrael,Mecha Tyrael,Strike,2018-01-16,Normal
Tyrael,Mecha Tyrael,Perfect,2019-06-18,Seasonal
Tyrael,Mecha Tyrael,Dark,2019-07-09,Limited
Tyrael,Mecha Tyrael,Storm,2020-05-05,Normal
Tyrael,Seraphim Tyrael,Ancient,2014-03-13,Normal
Tyrael,Seraphim Tyrael,Base,2014-03-13,Normal
Tyrael,Seraphim Tyrael,Dark,2014-03-13,Normal
Tyrael,Tyrael,Base,2014-03-13,"Free, when Hero Owned"
Tyrael,Tyrael,Ivory,2014-03-13,"Free, when Hero Owned"
Tyrael,Tyrael,Platinum,2014-03-13,"Free, when Hero Owned"
Tyrande,Blood Elf Tyrande,Base,2015-08-18,Normal
Tyrande,Blood Elf Tyrande,High Elf,2015-08-18,Normal
Tyrande,Blood Elf Tyrande,Mahogany,2015-08-18,Normal
Tyrande,Blood Elf Tyrande,Virtuous,2017-09-05,Normal
Tyrande,Eagle Eye Tyrande,Base,2016-06-28,Normal
Tyrande,Eagle Eye Tyrande,Crimson,2016-06-28,Normal
Tyrande,Eagle Eye Tyrande,Green,2016-06-28,Normal
Tyrande,Eagle Eye Tyrande,Nocturnal,2017-04-25,Normal
Tyrande,High Priestess Tyrande,Base,2014-07-23,Normal
Tyrande,High Priestess Tyrande,Rose,2014-07-23,Normal
Tyrande,High Priestess Tyrande,Shadow,2014-07-23,Normal
Tyrande,Love Goddess Tyrande,Base,2017-02-14,Normal
Tyrande,Love Goddess Tyrande,Fervent,2017-02-14,Normal
Tyrande,Love Goddess Tyrande,Midnight,2017-02-14,Normal
Tyrande,Love Goddess Tyrande,Lost,2018-02-06,Normal
Tyrande,Love Goddess Tyrande,Silent,2018-02-06,Normal
Tyrande,Tyrande,Banshee,2014-03-13,"Free, when Hero Owned"
Tyrande,Tyrande,Base,2014-03-13,"Free, when Hero Owned"
Tyrande,Tyrande,Dark,2014-03-13,"Free, when Hero Owned"
Tyrande,Warden Tyrande,Base,2014-12-02,Normal
Tyrande,Warden Tyrande,Stormwind,2014-12-02,Normal
Tyrande,Warden Tyrande,Sun,2014-12-02,Normal
Uther,Grand Marshal Uther,Base,2014-07-23,Normal
Uther,Grand Marshal Uther,Black,2014-07-23,Normal
Uther,Grand Marshal Uther,Silver,2014-07-23,Normal
Uther,Judgment Uther,Base,2015-09-15,Normal
Uther,Judgment Uther,Blessed,2015-09-15,Normal
Uther,Judgment Uther,Penance,2015-09-15,Normal
Uther,Lumberjack Uther,Base,2014-03-13,Normal
Uther,Lumberjack Uther,Forest,2014-03-13,Normal
Uther,Lumberjack Uther,River,2014-03-13,Normal
Uther,Medic Uther,Base,2014-03-13,Normal
Uther,Medic Uther,Delta Squadron,2014-03-13,Normal
Uther,Medic Uther,Dominion,2014-03-13,Normal
Uther,Medic Uther,Angelic,2020-09-08,Seasonal
Uther,Sulfuron Uther,Base,2017-04-25,Normal
Uther,Sulfuron Uther,Fel,2017-04-25,Normal
Uther,Uther,Base,2014-03-13,"Free, when Hero Owned"
Uther,Uther,Black Hand,2014-03-13,"Free, when Hero Owned"
Uther,Uther,Silver Hand,2014-03-13,"Free, when Hero Owned"
Valeera,Bloodfang Valeera,Base,2017-01-24,Normal
Valeera,Bloodfang Valeera,Classic,2017-01-24,Normal
Valeera,Bloodfang Valeera,SI:7,2017-01-24,Normal
Valeera,Bloodfang Valeera,Emerald,2017-09-26,Normal
Valeera,Bloodfang Valeera,Moonstone,2017-09-26,Normal
Valeera,Cosmic Force Valeera,Base,2018-12-11,Seasonal
Valeera,Cosmic Force Valeera,Nega,2018-12-11,Seasonal
Valeera,Cosmic Force Valeera,Psionic,2018-12-11,Seasonal
Valeera,Cosmic Force Valeera,Galactic,2019-12-17,Seasonal
Valeera,Cosmic Force Valeera,Proto,2019-12-17,Seasonal
Valeera,Demon Hunter Valeera,Base,2017-01-24,Normal
Valeera,Demon Hunter Valeera,Deadly,2017-01-24,Normal
Valeera,Demon Hunter Valeera,Wild,2017-01-24,Normal
Valeera,Demon Hunter Valeera,Crimson,2017-08-08,Normal
Valeera,Demon Hunter Valeera,Ivory,2017-08-08,Normal
Valeera,Nightslayer Valeera,7th Legion,2018-06-19,Normal
Valeera,Nightslayer Valeera,Base,2018-06-19,Normal
Valeera,Nightslayer Valeera,Sunfury,2018-06-19,Normal
Valeera,Valeera,Base,2017-01-24,"Free, when Hero Owned"
Valeera,Valeera,Malachite,2017-01-24,"Free, when Hero Owned"
Valeera,Valeera,Wraith,2017-01-24,"Free, when Hero Owned"
Valeera,Vampire Slayer V,Base,2017-10-17,Seasonal
Valeera,Vampire Slayer V,Coldheart,2017-10-17,Seasonal
Valeera,Vampire Slayer V,Midnight,2017-10-17,Seasonal
Valeera,Vampire Slayer V,Phantom,2017-10-17,Seasonal
Valeera,Vampire Slayer V,Rogue,2017-10-17,Seasonal
Valla,Angelic Valla,Base,2014-03-13,Normal
Valla,Angelic Valla,Dark,2014-03-13,Normal
Valla,Angelic Valla,Silver,2014-03-13,Normal
Valla,Deputy Valla,Base,2016-10-25,Normal
Valla,Deputy Valla,Grassy,2016-10-25,Normal
Valla,Deputy Valla,Rosy,2016-10-25,Normal
Valla,Deputy Valla,Lavender,2017-09-05,Normal
Valla,Mecha Valla,Alloy,2019-06-18,Seasonal
Valla,Mecha Valla,Base,2019-06-18,Seasonal
Valla,Mecha Valla,Master,2019-06-18,Seasonal
Valla,Mecha Valla,Prototype,2019-06-18,Seasonal
Valla,Mecha Valla,Solar,2019-06-18,Seasonal
Valla,Nephalem Valla,Base,2018-04-24,Normal
Valla,Ordermaster Valla,Azure,2017-04-25,Normal
Valla,Ordermaster Valla,Base,2017-04-25,Normal
Valla,Valla,Base,2014-03-13,"Free, when Hero Owned"
Valla,Valla,Fuchsia,2014-03-13,"Free, when Hero Owned"
Valla,Valla,Verdant,2014-03-13,"Free, when Hero Owned"
Valla,Valla,Ochre,2017-04-25,Normal
Valla,Vampire Slayer Valla,Base,2014-03-13,Seasonal
Valla,Vampire Slayer Valla,Ebon,2014-03-13,Seasonal
Valla,Vampire Slayer Valla,Ivory,2014-03-13,Seasonal
Valla,Vampire Slayer Valla,Poison,2017-10-17,Seasonal
Valla,Vampire Slayer Valla,Rose,2017-10-17,Seasonal
Valla,Vengeance Valla,Base,2014-07-23,Normal
Valla,Vengeance Valla,Bronze,2014-07-23,Normal
Valla,Vengeance Valla,Violet,2014-07-23,Normal
Valla,Winter's Helper Valla,Base,2017-12-12,Seasonal
Valla,Winter's Helper Valla,Coal,2017-12-12,Seasonal
Valla,Winter's Helper Valla,Icewind,2017-12-12,Seasonal
Valla,Winter's Helper Valla,Ivy,2017-12-12,Seasonal
Valla,Winter's Helper Valla,Plum,2017-12-12,Seasonal
Varian,Commandant Varian,Base,2017-09-26,Normal
Varian,Commandant Varian,Grand,2017-09-26,Normal
Varian,Commandant Varian,Recon,2017-09-26,Normal
Varian,Commandant Varian,Tempered,2017-09-26,Normal
Varian,Commandant Varian,Tundra,2017-09-26,Normal
Varian,Commandant Varian,Green Army,2019-12-16,Seasonal
Varian,Grand Marshal Varian,Base,2018-06-19,Normal
Varian,Grand Marshal Varian,Exiled,2018-06-19,Normal
Varian,Grand Marshal Varian,Stormpike,2018-06-19,Normal
Varian,Lionheart Varian,Base,2016-11-15,Normal
Varian,Lionheart Varian,Crimson,2016-11-15,Normal
Varian,Lionheart Varian,Royal,2016-11-15,Normal
Varian,Lionheart Varian,Obsidian,2017-11-14,Normal
Varian,Lo'Gosh Varian,Azure,2016-11-15,Normal
Varian,Lo'Gosh Varian,Base,2016-11-15,Normal
Varian,Lo'Gosh Varian,Ivory,2016-11-15,Normal
Varian,Lo'Gosh Varian,Deadly,2017-08-08,Normal
Varian,Stormwind Footman Varian,Base,2019-04-30,Limited
Varian,Stormwind Footman Varian,Kul Tiras,2019-04-30,Limited
Varian,Stormwind Footman Varian,Stromgarde,2019-04-30,Limited
Varian,Varian,Alabaster,2016-11-15,"Free, when Hero Owned"
Varian,Varian,Base,2016-11-15,"Free, when Hero Owned"
Varian,Varian,Iron,2016-11-15,"Free, when Hero Owned"
Varian,Varian,Copper,2018-06-12,Normal
Varian,Varian,Prince,2018-06-12,Normal
Whitemane,Celestial Empress Whitemane,Base,2018-08-07,Normal
Whitemane,Celestial Empress Whitemane,Galactic,2018-08-07,Normal
Whitemane,Celestial Empress Whitemane,Warpspace,2018-08-07,Normal
Whitemane,Cursed Witch Whitemane,Base,2018-09-25,Seasonal
Whitemane,Cursed Witch Whitemane,Court,2018-09-25,Seasonal
Whitemane,Cursed Witch Whitemane,Forgotten,2018-09-25,Seasonal
Whitemane,Showstopper Whitemane,Base,2019-09-24,Seasonal
Whitemane,Showstopper Whitemane,Diamond,2019-09-24,Seasonal
Whitemane,Showstopper Whitemane,Idol,2019-09-24,Seasonal
Whitemane,Showstopper Whitemane,Noir,2019-09-24,Seasonal
Whitemane,Showstopper Whitemane,Silver,2019-09-24,Seasonal
Whitemane,Whitemane,Base,2018-08-07,"Free, when Hero Owned"
Whitemane,Whitemane,Lordaeron,2018-08-07,"Free, when Hero Owned"
Whitemane,Whitemane,Scarlet,2018-08-07,Normal
Whitemane,Whitemane,Twilight,2018-08-07,Normal
Whitemane,Whitemane,Vengeful,2018-08-07,"Free, when Hero Owned"
Xul,Bone Visage Xul,Base,2017-07-11,Normal
Xul,Bone Visage Xul,Classic,2017-07-11,Normal
Xul,Bone Visage Xul,Royal,2017-07-11,Normal
Xul,Bone Visage Xul,Rusted,2017-07-11,Normal
Xul,Bone Visage Xul,Skeletal,2017-07-11,Normal
Xul,Necromaster Xul,Base,2016-03-01,Normal
Xul,Necromaster Xul,Bone,2016-03-01,Normal
Xul,Necromaster Xul,Golden,2016-03-01,Normal
Xul,Necromaster Xul,Reaper,2017-07-11,Normal
Xul,Scarecrow Xul,Base,2016-10-25,Seasonal
Xul,Scarecrow Xul,Crimson,2016-10-25,Seasonal
Xul,Scarecrow Xul,Orchid,2016-10-25,Seasonal
Xul,Scarecrow Xul,Pinstripe,2017-10-17,Seasonal
Xul,Scarecrow Xul,Rotten,2017-10-17,Seasonal
Xul,Serpent King Xul,Base,2016-03-01,Normal
Xul,Serpent King Xul,Copper,2016-03-01,Normal
Xul,Serpent King Xul,Turquoise,2016-03-01,Normal
Xul,Serpent King Xul,Amethyst,2017-04-25,Normal
Xul,Xul,Base,2016-03-01,"Free, when Hero Owned"
Xul,Xul,Crimson,2016-03-01,"Free, when Hero Owned"
Xul,Xul,Poison,2016-03-01,"Free, when Hero Owned"
Xul,Xul,Frost,2017-04-25,Normal
Yrel,Mad Jester Yrel,Base,2018-06-12,Normal
Yrel,Mad Jester Yrel,Harlequin,2018-06-12,Normal
Yrel,Mad Jester Yrel,Sparkle,2018-06-12,Normal
Yrel,Mecha Yrel,Base,2019-06-18,Seasonal
Yrel,Mecha Yrel,Carbon Fiber,2019-06-18,Seasonal
Yrel,Mecha Yrel,Lunar,2019-06-18,Seasonal
Yrel,Mecha Yrel,Master,2019-06-18,Seasonal
Yrel,Mecha Yrel,Prototype,2019-06-18,Seasonal
Yrel,Yrel,Base,2018-06-12,"Free, when Hero Owned"
Yrel,Yrel,Bloodmyst,2018-06-12,"Free, when Hero Owned"
Yrel,Yrel,Crystalforged,2018-06-12,"Free, when Hero Owned"
Yrel,Yrel,Dreamknight,2018-06-12,Normal
Yrel,Yrel,Silver Hand,2018-06-12,Normal
Zagara,Crypt Queen Zagara,Abyssal,2017-09-05,Normal
Zagara,Crypt Queen Zagara,Base,2017-09-05,Normal
Zagara,Crypt Queen Zagara,Blighted,2017-09-05,Normal
Zagara,Crypt Queen Zagara,Saronite,2017-09-05,Normal
Zagara,Crypt Queen Zagara,Silithus,2017-09-05,Normal
Zagara,Crypt Queen Zagara,Unholy,2017-09-05,Normal
Zagara,Desert Queen Zagara,Base,2015-01-13,Normal
Zagara,Desert Queen Zagara,Obsidian,2015-01-13,Normal
Zagara,Desert Queen Zagara,Sand,2015-01-13,Normal
Zagara,Desert Queen Zagara,Ruby,2017-04-25,Normal
Zagara,Desert Queen Zagara,Smoldering,2019-05-21,Limited
Zagara,Insectoid Zagara,Aquatic,2014-06-25,Normal
Zagara,Insectoid Zagara,Base,2014-06-25,Normal
Zagara,Insectoid Zagara,Toxic,2014-06-25,Normal
Zagara,Overqueen Zagara,Base,2014-07-23,Normal
Zagara,Overqueen Zagara,Frozen,2014-07-23,Normal
Zagara,Overqueen Zagara,Molten,2014-07-23,Normal
Zagara,Zagara,Base,2014-06-26,"Free, when Hero Owned"
Zagara,Zagara,Char,2014-06-26,"Free, when Hero Owned"
Zagara,Zagara,Zerus,2014-06-26,"Free, when Hero Owned"
Zagara,Zagara,Kaldir,2017-04-25,Normal
Zarya,Cyberdemon Zarya,Base,2017-04-25,Normal
Zarya,Cyberdemon Zarya,Cyborg,2017-04-25,Normal
Zarya,Cyberdemon Zarya,Indigo,2017-04-25,Normal
Zarya,Cyberdemon Zarya,Golden,2017-09-26,Normal
Zarya,Cyberdemon Zarya,Restored,2017-09-26,Normal
Zarya,Cyberdemon Zarya,Cyber Oni,2019-03-26,Seasonal
Zarya,High Gravity Zarya,Base,2016-09-27,Normal
Zarya,High Gravity Zarya,Cobalt,2016-09-27,Normal
Zarya,High Gravity Zarya,Quartz,2016-09-27,Normal
Zarya,High Gravity Zarya,Crimson,2017-10-17,Normal
Zarya,Phantom Knight Zarya,Base,2018-09-25,Seasonal
Zarya,Phantom Knight Zarya,Geist,2018-09-25,Seasonal
Zarya,Phantom Knight Zarya,Infernal,2018-09-25,Seasonal
Zarya,Thunder Guard Zarya,Base,2016-09-27,Normal
Zarya,Thunder Guard Zarya,Emerald,2016-09-27,Normal
Zarya,Thunder Guard Zarya,Spectre,2016-09-27,Normal
Zarya,Thunder Guard Zarya,Citrine,2017-12-12,Normal
Zarya,Zarya,Base,2016-09-27,"Free, when Hero Owned"
Zarya,Zarya,Industrial,2016-09-27,Normal
Zarya,Zarya,Maroon,2016-09-27,"Free, when Hero Owned"
Zarya,Zarya,Steel,2016-09-27,"Free, when Hero Owned"
Zeratul,Dark Prelate Zeratul,Base,2014-09-10,Normal
Zeratul,Dark Prelate Zeratul,Onyx,2014-09-10,Normal
Zeratul,Dark Prelate Zeratul,Vengeful,2014-09-10,Normal
Zeratul,Executor Zeratul,Ara,2017-04-25,Normal
Zeratul,Executor Zeratul,Base,2017-04-25,Normal
Zeratul,High Templar Zeratul,Base,2014-03-13,Normal
Zeratul,High Templar Zeratul,Pearl,2014-03-13,Normal
Zeratul,High Templar Zeratul,Solarite,2014-03-13,Normal
Zeratul,Ronin Zeratul,Base,2014-03-13,Normal
Zeratul,Ronin Zeratul,Night,2014-03-13,Normal
Zeratul,Ronin Zeratul,Teal,2014-03-13,Normal
Zeratul,Unraveler Zeratul,Ancient,2017-06-13,Normal
Zeratul,Unraveler Zeratul,Base,2017-06-13,Normal
Zeratul,Unraveler Zeratul,Golden,2017-06-13,Normal
Zeratul,Unraveler Zeratul,Hollow,2017-06-13,Normal
Zeratul,Unraveler Zeratul,Noxious,2017-06-13,Normal
Zeratul,Unraveler Zeratul,Spectral,2019-10-29,Limited
Zeratul,Zeratul,Base,2014-03-13,"Free, when Hero Owned"
Zeratul,Zeratul,Crimson,2014-03-13,"Free, when Hero Owned"
Zeratul,Zeratul,Jungle,2014-03-13,"Free, when Hero Owned"
Zeratul,Zerg Hunter Zeratul,Base,2015-03-03,Normal
Zeratul,Zerg Hunter Zeratul,Exiled,2015-03-03,Normal
Zeratul,Zerg Hunter Zeratul,Tal'darim,2015-03-03,Normal
Zul'jin,Emberlord Zul'jin,Amber,2017-01-04,Normal
Zul'jin,Emberlord Zul'jin,Base,2017-01-04,Normal
Zul'jin,Emberlord Zul'jin,Frost,2017-01-04,Normal
Zul'jin,Emberlord Zul'jin,Toxic,2017-01-04,Normal
Zul'jin,Emberlord Zul'jin,Arcane,2017-08-08,Normal
Zul'jin,Lunar Zul'jin,Ancestral,2018-02-06,Seasonal
Zul'jin,Lunar Zul'jin,Base,2018-02-06,Seasonal
Zul'jin,Lunar Zul'jin,Cruel,2018-02-06,Seasonal
Zul'jin,Lunar Zul'jin,Jade,2018-02-06,Seasonal
Zul'jin,Lunar Zul'jin,Ornamented,2018-02-06,Seasonal
Zul'jin,Warbringer Zul'jin,Base,2017-01-04,Normal
Zul'jin,Warbringer Zul'jin,Jungle,2017-01-04,Normal
Zul'jin,Warbringer Zul'jin,Venom,2017-01-04,Normal
Zul'jin,Warbringer Zul'jin,Coral,2017-09-05,Normal
Zul'jin,Warbringer Zul'jin,Desert,2017-09-05,Normal
Zul'jin,Zul'jin,Base,2017-01-04,"Free, when Hero Owned"
Zul'jin,Zul'jin,Bloodscalp,2017-01-04,"Free, when Hero Owned"
Zul'jin,Zul'jin,Classic,2017-01-04,"Free, when Hero Owned"
Zul'jin,Zul'jin,Frostmane,2018-06-12,Normal
Zul'jin,Zul'jin,Sandfury,2018-06-12,Normal
